[
  {
    "name": "Application Start",
    "start": 1577438254841,
    "end": 1577438262865,
    "duration": 8024,
    "pid": 7746,
    "index": 0
  },
  {
    "name": "Load Plugin",
    "start": 1577438254854,
    "end": 1577438254875,
    "duration": 21,
    "pid": 7746,
    "index": 1
  },
  {
    "name": "Load Config",
    "start": 1577438254876,
    "end": 1577438254903,
    "duration": 27,
    "pid": 7746,
    "index": 2
  },
  {
    "name": "Require(0) config/config.default.ts",
    "start": 1577438254877,
    "end": 1577438254879,
    "duration": 2,
    "pid": 7746,
    "index": 3
  },
  {
    "name": "Require(1) config/config.local.ts",
    "start": 1577438254882,
    "end": 1577438254883,
    "duration": 1,
    "pid": 7746,
    "index": 4
  },
  {
    "name": "Require(2) node_modules/egg-session/config/config.default.js",
    "start": 1577438254884,
    "end": 1577438254884,
    "duration": 0,
    "pid": 7746,
    "index": 5
  },
  {
    "name": "Require(3) node_modules/egg-security/config/config.default.js",
    "start": 1577438254885,
    "end": 1577438254885,
    "duration": 0,
    "pid": 7746,
    "index": 6
  },
  {
    "name": "Require(4) node_modules/egg-jsonp/config/config.default.js",
    "start": 1577438254886,
    "end": 1577438254887,
    "duration": 1,
    "pid": 7746,
    "index": 7
  },
  {
    "name": "Require(5) node_modules/egg-onerror/config/config.default.js",
    "start": 1577438254887,
    "end": 1577438254888,
    "duration": 1,
    "pid": 7746,
    "index": 8
  },
  {
    "name": "Require(6) node_modules/egg-i18n/config/config.default.js",
    "start": 1577438254888,
    "end": 1577438254888,
    "duration": 0,
    "pid": 7746,
    "index": 9
  },
  {
    "name": "Require(7) node_modules/egg-watcher/config/config.default.js",
    "start": 1577438254889,
    "end": 1577438254889,
    "duration": 0,
    "pid": 7746,
    "index": 10
  },
  {
    "name": "Require(8) node_modules/egg-schedule/config/config.default.js",
    "start": 1577438254889,
    "end": 1577438254890,
    "duration": 1,
    "pid": 7746,
    "index": 11
  },
  {
    "name": "Require(9) node_modules/egg-multipart/config/config.default.js",
    "start": 1577438254890,
    "end": 1577438254890,
    "duration": 0,
    "pid": 7746,
    "index": 12
  },
  {
    "name": "Require(10) node_modules/egg-development/config/config.default.js",
    "start": 1577438254891,
    "end": 1577438254891,
    "duration": 0,
    "pid": 7746,
    "index": 13
  },
  {
    "name": "Require(11) node_modules/egg-logrotator/config/config.default.js",
    "start": 1577438254891,
    "end": 1577438254891,
    "duration": 0,
    "pid": 7746,
    "index": 14
  },
  {
    "name": "Require(12) node_modules/egg-static/config/config.default.js",
    "start": 1577438254892,
    "end": 1577438254892,
    "duration": 0,
    "pid": 7746,
    "index": 15
  },
  {
    "name": "Require(13) node_modules/egg-view/config/config.default.js",
    "start": 1577438254892,
    "end": 1577438254892,
    "duration": 0,
    "pid": 7746,
    "index": 16
  },
  {
    "name": "Require(14) node_modules/@switchdog/egg-graphql/config/config.default.js",
    "start": 1577438254893,
    "end": 1577438254893,
    "duration": 0,
    "pid": 7746,
    "index": 17
  },
  {
    "name": "Require(15) node_modules/egg-sequelize/config/config.default.js",
    "start": 1577438254893,
    "end": 1577438254893,
    "duration": 0,
    "pid": 7746,
    "index": 18
  },
  {
    "name": "Require(16) node_modules/egg-cors/config/config.default.js",
    "start": 1577438254893,
    "end": 1577438254894,
    "duration": 1,
    "pid": 7746,
    "index": 19
  },
  {
    "name": "Require(17) node_modules/egg-redis/config/config.default.js",
    "start": 1577438254894,
    "end": 1577438254894,
    "duration": 0,
    "pid": 7746,
    "index": 20
  },
  {
    "name": "Require(18) node_modules/egg-view-ejs/config/config.default.js",
    "start": 1577438254894,
    "end": 1577438254894,
    "duration": 0,
    "pid": 7746,
    "index": 21
  },
  {
    "name": "Require(19) node_modules/egg-socket.io/config/config.default.js",
    "start": 1577438254895,
    "end": 1577438254895,
    "duration": 0,
    "pid": 7746,
    "index": 22
  },
  {
    "name": "Require(20) node_modules/egg/config/config.default.js",
    "start": 1577438254895,
    "end": 1577438254896,
    "duration": 1,
    "pid": 7746,
    "index": 23
  },
  {
    "name": "Require(21) config/config.default.ts",
    "start": 1577438254897,
    "end": 1577438254897,
    "duration": 0,
    "pid": 7746,
    "index": 24
  },
  {
    "name": "Require(22) node_modules/egg-security/config/config.local.js",
    "start": 1577438254898,
    "end": 1577438254898,
    "duration": 0,
    "pid": 7746,
    "index": 25
  },
  {
    "name": "Require(23) node_modules/egg-watcher/config/config.local.js",
    "start": 1577438254899,
    "end": 1577438254899,
    "duration": 0,
    "pid": 7746,
    "index": 26
  },
  {
    "name": "Require(24) node_modules/egg-view/config/config.local.js",
    "start": 1577438254900,
    "end": 1577438254900,
    "duration": 0,
    "pid": 7746,
    "index": 27
  },
  {
    "name": "Require(25) node_modules/egg-view-ejs/config/config.local.js",
    "start": 1577438254901,
    "end": 1577438254901,
    "duration": 0,
    "pid": 7746,
    "index": 28
  },
  {
    "name": "Require(26) node_modules/egg/config/config.local.js",
    "start": 1577438254902,
    "end": 1577438254903,
    "duration": 1,
    "pid": 7746,
    "index": 29
  },
  {
    "name": "Require(27) config/config.local.ts",
    "start": 1577438254903,
    "end": 1577438254903,
    "duration": 0,
    "pid": 7746,
    "index": 30
  },
  {
    "name": "Load extend/application.js",
    "start": 1577438254907,
    "end": 1577438254994,
    "duration": 87,
    "pid": 7746,
    "index": 31
  },
  {
    "name": "Require(28) node_modules/egg-session/app/extend/application.js",
    "start": 1577438254908,
    "end": 1577438254908,
    "duration": 0,
    "pid": 7746,
    "index": 32
  },
  {
    "name": "Require(29) node_modules/egg-security/app/extend/application.js",
    "start": 1577438254908,
    "end": 1577438254909,
    "duration": 1,
    "pid": 7746,
    "index": 33
  },
  {
    "name": "Require(30) node_modules/egg-jsonp/app/extend/application.js",
    "start": 1577438254910,
    "end": 1577438254911,
    "duration": 1,
    "pid": 7746,
    "index": 34
  },
  {
    "name": "Require(31) node_modules/egg-logrotator/app/extend/application.js",
    "start": 1577438254912,
    "end": 1577438254914,
    "duration": 2,
    "pid": 7746,
    "index": 35
  },
  {
    "name": "Require(32) node_modules/egg-view/app/extend/application.js",
    "start": 1577438254914,
    "end": 1577438254916,
    "duration": 2,
    "pid": 7746,
    "index": 36
  },
  {
    "name": "Require(33) node_modules/egg-socket.io/app/extend/application.js",
    "start": 1577438254917,
    "end": 1577438254989,
    "duration": 72,
    "pid": 7746,
    "index": 37
  },
  {
    "name": "Load extend/request.js",
    "start": 1577438254994,
    "end": 1577438255002,
    "duration": 8,
    "pid": 7746,
    "index": 38
  },
  {
    "name": "Require(34) node_modules/egg/app/extend/request.js",
    "start": 1577438254997,
    "end": 1577438254999,
    "duration": 2,
    "pid": 7746,
    "index": 39
  },
  {
    "name": "Load extend/response.js",
    "start": 1577438255002,
    "end": 1577438255011,
    "duration": 9,
    "pid": 7746,
    "index": 40
  },
  {
    "name": "Require(35) node_modules/egg/app/extend/response.js",
    "start": 1577438255007,
    "end": 1577438255008,
    "duration": 1,
    "pid": 7746,
    "index": 41
  },
  {
    "name": "Load extend/context.js",
    "start": 1577438255011,
    "end": 1577438255107,
    "duration": 96,
    "pid": 7746,
    "index": 42
  },
  {
    "name": "Require(36) node_modules/egg-security/app/extend/context.js",
    "start": 1577438255011,
    "end": 1577438255022,
    "duration": 11,
    "pid": 7746,
    "index": 43
  },
  {
    "name": "Require(37) node_modules/egg-jsonp/app/extend/context.js",
    "start": 1577438255023,
    "end": 1577438255024,
    "duration": 1,
    "pid": 7746,
    "index": 44
  },
  {
    "name": "Require(38) node_modules/egg-i18n/app/extend/context.js",
    "start": 1577438255024,
    "end": 1577438255025,
    "duration": 1,
    "pid": 7746,
    "index": 45
  },
  {
    "name": "Require(39) node_modules/egg-multipart/app/extend/context.js",
    "start": 1577438255026,
    "end": 1577438255095,
    "duration": 69,
    "pid": 7746,
    "index": 46
  },
  {
    "name": "Require(40) node_modules/egg-view/app/extend/context.js",
    "start": 1577438255096,
    "end": 1577438255097,
    "duration": 1,
    "pid": 7746,
    "index": 47
  },
  {
    "name": "Require(41) node_modules/@switchdog/egg-graphql/app/extend/context.js",
    "start": 1577438255098,
    "end": 1577438255098,
    "duration": 0,
    "pid": 7746,
    "index": 48
  },
  {
    "name": "Require(42) node_modules/egg/app/extend/context.js",
    "start": 1577438255099,
    "end": 1577438255101,
    "duration": 2,
    "pid": 7746,
    "index": 49
  },
  {
    "name": "Require(43) app/extend/context.ts",
    "start": 1577438255101,
    "end": 1577438255103,
    "duration": 2,
    "pid": 7746,
    "index": 50
  },
  {
    "name": "Load extend/helper.js",
    "start": 1577438255108,
    "end": 1577438255173,
    "duration": 65,
    "pid": 7746,
    "index": 51
  },
  {
    "name": "Require(44) node_modules/egg-security/app/extend/helper.js",
    "start": 1577438255109,
    "end": 1577438255132,
    "duration": 23,
    "pid": 7746,
    "index": 52
  },
  {
    "name": "Require(45) node_modules/egg/app/extend/helper.js",
    "start": 1577438255135,
    "end": 1577438255136,
    "duration": 1,
    "pid": 7746,
    "index": 53
  },
  {
    "name": "Require(46) app/extend/helper.ts",
    "start": 1577438255136,
    "end": 1577438255169,
    "duration": 33,
    "pid": 7746,
    "index": 54
  },
  {
    "name": "Load app.js",
    "start": 1577438255173,
    "end": 1577438255295,
    "duration": 122,
    "pid": 7746,
    "index": 55
  },
  {
    "name": "Require(47) node_modules/egg-session/app.js",
    "start": 1577438255173,
    "end": 1577438255174,
    "duration": 1,
    "pid": 7746,
    "index": 56
  },
  {
    "name": "Require(48) node_modules/egg-security/app.js",
    "start": 1577438255174,
    "end": 1577438255175,
    "duration": 1,
    "pid": 7746,
    "index": 57
  },
  {
    "name": "Require(49) node_modules/egg-onerror/app.js",
    "start": 1577438255175,
    "end": 1577438255182,
    "duration": 7,
    "pid": 7746,
    "index": 58
  },
  {
    "name": "Require(50) node_modules/egg-i18n/app.js",
    "start": 1577438255182,
    "end": 1577438255198,
    "duration": 16,
    "pid": 7746,
    "index": 59
  },
  {
    "name": "Require(51) node_modules/egg-watcher/app.js",
    "start": 1577438255198,
    "end": 1577438255200,
    "duration": 2,
    "pid": 7746,
    "index": 60
  },
  {
    "name": "Require(52) node_modules/egg-schedule/app.js",
    "start": 1577438255201,
    "end": 1577438255202,
    "duration": 1,
    "pid": 7746,
    "index": 61
  },
  {
    "name": "Require(53) node_modules/egg-multipart/app.js",
    "start": 1577438255203,
    "end": 1577438255207,
    "duration": 4,
    "pid": 7746,
    "index": 62
  },
  {
    "name": "Require(54) node_modules/egg-development/app.js",
    "start": 1577438255207,
    "end": 1577438255208,
    "duration": 1,
    "pid": 7746,
    "index": 63
  },
  {
    "name": "Require(55) node_modules/egg-logrotator/app.js",
    "start": 1577438255208,
    "end": 1577438255208,
    "duration": 0,
    "pid": 7746,
    "index": 64
  },
  {
    "name": "Require(56) node_modules/egg-static/app.js",
    "start": 1577438255208,
    "end": 1577438255209,
    "duration": 1,
    "pid": 7746,
    "index": 65
  },
  {
    "name": "Require(57) node_modules/@switchdog/egg-graphql/app.js",
    "start": 1577438255209,
    "end": 1577438255209,
    "duration": 0,
    "pid": 7746,
    "index": 66
  },
  {
    "name": "Require(58) node_modules/egg-sequelize/app.js",
    "start": 1577438255210,
    "end": 1577438255210,
    "duration": 0,
    "pid": 7746,
    "index": 67
  },
  {
    "name": "Require(59) node_modules/egg-cors/app.js",
    "start": 1577438255210,
    "end": 1577438255210,
    "duration": 0,
    "pid": 7746,
    "index": 68
  },
  {
    "name": "Require(60) node_modules/egg-redis/app.js",
    "start": 1577438255211,
    "end": 1577438255212,
    "duration": 1,
    "pid": 7746,
    "index": 69
  },
  {
    "name": "Require(61) node_modules/egg-view-ejs/app.js",
    "start": 1577438255212,
    "end": 1577438255212,
    "duration": 0,
    "pid": 7746,
    "index": 70
  },
  {
    "name": "Require(62) node_modules/egg-socket.io/app.js",
    "start": 1577438255212,
    "end": 1577438255292,
    "duration": 80,
    "pid": 7746,
    "index": 71
  },
  {
    "name": "Require(63) app.ts",
    "start": 1577438255293,
    "end": 1577438255294,
    "duration": 1,
    "pid": 7746,
    "index": 72
  },
  {
    "name": "Before Start in node_modules/egg-watcher/lib/init.js:15:14",
    "start": 1577438255318,
    "end": 1577438262840,
    "duration": 7522,
    "pid": 7746,
    "index": 73
  },
  {
    "name": "Loader Graphql",
    "start": 1577438255763,
    "end": 1577438255838,
    "duration": 75,
    "pid": 7746,
    "index": 74
  },
  {
    "name": "Load \"Symbol(model)\" to Application",
    "start": 1577438256144,
    "end": 1577438256179,
    "duration": 35,
    "pid": 7746,
    "index": 75
  },
  {
    "name": "Before Start in node_modules/egg-sequelize/lib/loader.js:39:7",
    "start": 1577438256182,
    "end": 1577438262864,
    "duration": 6682,
    "pid": 7746,
    "index": 76
  },
  {
    "name": "Before Start in node_modules/egg-redis/lib/redis.js:53:7",
    "start": 1577438256306,
    "end": 1577438262818,
    "duration": 6512,
    "pid": 7746,
    "index": 77
  },
  {
    "name": "Load Controller",
    "start": 1577438256363,
    "end": 1577438257492,
    "duration": 1129,
    "pid": 7746,
    "index": 78
  },
  {
    "name": "Load \"controller\" to Application",
    "start": 1577438256363,
    "end": 1577438257492,
    "duration": 1129,
    "pid": 7746,
    "index": 79
  },
  {
    "name": "Before Start in node_modules/egg-socket.io/lib/io.js:26:7",
    "start": 1577438256386,
    "end": 1577438262791,
    "duration": 6405,
    "pid": 7746,
    "index": 80
  },
  {
    "name": "Load Service",
    "start": 1577438256398,
    "end": 1577438257146,
    "duration": 748,
    "pid": 7746,
    "index": 81
  },
  {
    "name": "Load \"service\" to Context",
    "start": 1577438256399,
    "end": 1577438257146,
    "duration": 747,
    "pid": 7746,
    "index": 82
  },
  {
    "name": "Load Middleware",
    "start": 1577438257146,
    "end": 1577438257492,
    "duration": 346,
    "pid": 7746,
    "index": 83
  },
  {
    "name": "Load \"middlewares\" to Application",
    "start": 1577438257147,
    "end": 1577438257421,
    "duration": 274,
    "pid": 7746,
    "index": 84
  },
  {
    "name": "Load Controller",
    "start": 1577438257492,
    "end": 1577438262744,
    "duration": 5252,
    "pid": 7746,
    "index": 85
  },
  {
    "name": "Load \"controller\" to Application",
    "start": 1577438257492,
    "end": 1577438262744,
    "duration": 5252,
    "pid": 7746,
    "index": 86
  },
  {
    "name": "Load Router",
    "start": 1577438262744,
    "end": 1577438262750,
    "duration": 6,
    "pid": 7746,
    "index": 87
  },
  {
    "name": "Require(64) app/router.ts",
    "start": 1577438262744,
    "end": 1577438262747,
    "duration": 3,
    "pid": 7746,
    "index": 88
  },
  {
    "name": "Before Start in node_modules/egg-core/lib/egg.js:303:10",
    "start": 1577438262747,
    "end": 1577438262791,
    "duration": 44,
    "pid": 7746,
    "index": 89
  }
]