[
  {
    "name": "Application Start",
    "start": 1577438885133,
    "end": 1577438890517,
    "duration": 5384,
    "pid": 8012,
    "index": 0
  },
  {
    "name": "Load Plugin",
    "start": 1577438885140,
    "end": 1577438885155,
    "duration": 15,
    "pid": 8012,
    "index": 1
  },
  {
    "name": "Load Config",
    "start": 1577438885156,
    "end": 1577438885178,
    "duration": 22,
    "pid": 8012,
    "index": 2
  },
  {
    "name": "Require(0) config/config.default.ts",
    "start": 1577438885157,
    "end": 1577438885158,
    "duration": 1,
    "pid": 8012,
    "index": 3
  },
  {
    "name": "Require(1) config/config.local.ts",
    "start": 1577438885161,
    "end": 1577438885161,
    "duration": 0,
    "pid": 8012,
    "index": 4
  },
  {
    "name": "Require(2) node_modules/egg-session/config/config.default.js",
    "start": 1577438885163,
    "end": 1577438885163,
    "duration": 0,
    "pid": 8012,
    "index": 5
  },
  {
    "name": "Require(3) node_modules/egg-security/config/config.default.js",
    "start": 1577438885163,
    "end": 1577438885164,
    "duration": 1,
    "pid": 8012,
    "index": 6
  },
  {
    "name": "Require(4) node_modules/egg-jsonp/config/config.default.js",
    "start": 1577438885164,
    "end": 1577438885164,
    "duration": 0,
    "pid": 8012,
    "index": 7
  },
  {
    "name": "Require(5) node_modules/egg-onerror/config/config.default.js",
    "start": 1577438885165,
    "end": 1577438885165,
    "duration": 0,
    "pid": 8012,
    "index": 8
  },
  {
    "name": "Require(6) node_modules/egg-i18n/config/config.default.js",
    "start": 1577438885165,
    "end": 1577438885165,
    "duration": 0,
    "pid": 8012,
    "index": 9
  },
  {
    "name": "Require(7) node_modules/egg-watcher/config/config.default.js",
    "start": 1577438885165,
    "end": 1577438885166,
    "duration": 1,
    "pid": 8012,
    "index": 10
  },
  {
    "name": "Require(8) node_modules/egg-schedule/config/config.default.js",
    "start": 1577438885166,
    "end": 1577438885166,
    "duration": 0,
    "pid": 8012,
    "index": 11
  },
  {
    "name": "Require(9) node_modules/egg-multipart/config/config.default.js",
    "start": 1577438885166,
    "end": 1577438885167,
    "duration": 1,
    "pid": 8012,
    "index": 12
  },
  {
    "name": "Require(10) node_modules/egg-development/config/config.default.js",
    "start": 1577438885167,
    "end": 1577438885167,
    "duration": 0,
    "pid": 8012,
    "index": 13
  },
  {
    "name": "Require(11) node_modules/egg-logrotator/config/config.default.js",
    "start": 1577438885167,
    "end": 1577438885168,
    "duration": 1,
    "pid": 8012,
    "index": 14
  },
  {
    "name": "Require(12) node_modules/egg-static/config/config.default.js",
    "start": 1577438885168,
    "end": 1577438885168,
    "duration": 0,
    "pid": 8012,
    "index": 15
  },
  {
    "name": "Require(13) node_modules/egg-view/config/config.default.js",
    "start": 1577438885168,
    "end": 1577438885169,
    "duration": 1,
    "pid": 8012,
    "index": 16
  },
  {
    "name": "Require(14) node_modules/@switchdog/egg-graphql/config/config.default.js",
    "start": 1577438885169,
    "end": 1577438885169,
    "duration": 0,
    "pid": 8012,
    "index": 17
  },
  {
    "name": "Require(15) node_modules/egg-sequelize/config/config.default.js",
    "start": 1577438885169,
    "end": 1577438885169,
    "duration": 0,
    "pid": 8012,
    "index": 18
  },
  {
    "name": "Require(16) node_modules/egg-cors/config/config.default.js",
    "start": 1577438885170,
    "end": 1577438885170,
    "duration": 0,
    "pid": 8012,
    "index": 19
  },
  {
    "name": "Require(17) node_modules/egg-redis/config/config.default.js",
    "start": 1577438885170,
    "end": 1577438885170,
    "duration": 0,
    "pid": 8012,
    "index": 20
  },
  {
    "name": "Require(18) node_modules/egg-view-ejs/config/config.default.js",
    "start": 1577438885170,
    "end": 1577438885171,
    "duration": 1,
    "pid": 8012,
    "index": 21
  },
  {
    "name": "Require(19) node_modules/egg-socket.io/config/config.default.js",
    "start": 1577438885171,
    "end": 1577438885171,
    "duration": 0,
    "pid": 8012,
    "index": 22
  },
  {
    "name": "Require(20) node_modules/egg/config/config.default.js",
    "start": 1577438885171,
    "end": 1577438885172,
    "duration": 1,
    "pid": 8012,
    "index": 23
  },
  {
    "name": "Require(21) config/config.default.ts",
    "start": 1577438885174,
    "end": 1577438885174,
    "duration": 0,
    "pid": 8012,
    "index": 24
  },
  {
    "name": "Require(22) node_modules/egg-security/config/config.local.js",
    "start": 1577438885175,
    "end": 1577438885175,
    "duration": 0,
    "pid": 8012,
    "index": 25
  },
  {
    "name": "Require(23) node_modules/egg-watcher/config/config.local.js",
    "start": 1577438885176,
    "end": 1577438885176,
    "duration": 0,
    "pid": 8012,
    "index": 26
  },
  {
    "name": "Require(24) node_modules/egg-view/config/config.local.js",
    "start": 1577438885177,
    "end": 1577438885177,
    "duration": 0,
    "pid": 8012,
    "index": 27
  },
  {
    "name": "Require(25) node_modules/egg-view-ejs/config/config.local.js",
    "start": 1577438885178,
    "end": 1577438885178,
    "duration": 0,
    "pid": 8012,
    "index": 28
  },
  {
    "name": "Require(26) node_modules/egg/config/config.local.js",
    "start": 1577438885178,
    "end": 1577438885178,
    "duration": 0,
    "pid": 8012,
    "index": 29
  },
  {
    "name": "Require(27) config/config.local.ts",
    "start": 1577438885178,
    "end": 1577438885178,
    "duration": 0,
    "pid": 8012,
    "index": 30
  },
  {
    "name": "Load extend/application.js",
    "start": 1577438885180,
    "end": 1577438885211,
    "duration": 31,
    "pid": 8012,
    "index": 31
  },
  {
    "name": "Require(28) node_modules/egg-session/app/extend/application.js",
    "start": 1577438885181,
    "end": 1577438885181,
    "duration": 0,
    "pid": 8012,
    "index": 32
  },
  {
    "name": "Require(29) node_modules/egg-security/app/extend/application.js",
    "start": 1577438885181,
    "end": 1577438885182,
    "duration": 1,
    "pid": 8012,
    "index": 33
  },
  {
    "name": "Require(30) node_modules/egg-jsonp/app/extend/application.js",
    "start": 1577438885182,
    "end": 1577438885183,
    "duration": 1,
    "pid": 8012,
    "index": 34
  },
  {
    "name": "Require(31) node_modules/egg-logrotator/app/extend/application.js",
    "start": 1577438885183,
    "end": 1577438885184,
    "duration": 1,
    "pid": 8012,
    "index": 35
  },
  {
    "name": "Require(32) node_modules/egg-view/app/extend/application.js",
    "start": 1577438885184,
    "end": 1577438885185,
    "duration": 1,
    "pid": 8012,
    "index": 36
  },
  {
    "name": "Require(33) node_modules/egg-socket.io/app/extend/application.js",
    "start": 1577438885186,
    "end": 1577438885210,
    "duration": 24,
    "pid": 8012,
    "index": 37
  },
  {
    "name": "Load extend/request.js",
    "start": 1577438885212,
    "end": 1577438885216,
    "duration": 4,
    "pid": 8012,
    "index": 38
  },
  {
    "name": "Require(34) node_modules/egg/app/extend/request.js",
    "start": 1577438885213,
    "end": 1577438885214,
    "duration": 1,
    "pid": 8012,
    "index": 39
  },
  {
    "name": "Load extend/response.js",
    "start": 1577438885216,
    "end": 1577438885221,
    "duration": 5,
    "pid": 8012,
    "index": 40
  },
  {
    "name": "Require(35) node_modules/egg/app/extend/response.js",
    "start": 1577438885219,
    "end": 1577438885220,
    "duration": 1,
    "pid": 8012,
    "index": 41
  },
  {
    "name": "Load extend/context.js",
    "start": 1577438885222,
    "end": 1577438885270,
    "duration": 48,
    "pid": 8012,
    "index": 42
  },
  {
    "name": "Require(36) node_modules/egg-security/app/extend/context.js",
    "start": 1577438885222,
    "end": 1577438885227,
    "duration": 5,
    "pid": 8012,
    "index": 43
  },
  {
    "name": "Require(37) node_modules/egg-jsonp/app/extend/context.js",
    "start": 1577438885228,
    "end": 1577438885229,
    "duration": 1,
    "pid": 8012,
    "index": 44
  },
  {
    "name": "Require(38) node_modules/egg-i18n/app/extend/context.js",
    "start": 1577438885229,
    "end": 1577438885229,
    "duration": 0,
    "pid": 8012,
    "index": 45
  },
  {
    "name": "Require(39) node_modules/egg-multipart/app/extend/context.js",
    "start": 1577438885230,
    "end": 1577438885264,
    "duration": 34,
    "pid": 8012,
    "index": 46
  },
  {
    "name": "Require(40) node_modules/egg-view/app/extend/context.js",
    "start": 1577438885264,
    "end": 1577438885265,
    "duration": 1,
    "pid": 8012,
    "index": 47
  },
  {
    "name": "Require(41) node_modules/@switchdog/egg-graphql/app/extend/context.js",
    "start": 1577438885265,
    "end": 1577438885265,
    "duration": 0,
    "pid": 8012,
    "index": 48
  },
  {
    "name": "Require(42) node_modules/egg/app/extend/context.js",
    "start": 1577438885266,
    "end": 1577438885267,
    "duration": 1,
    "pid": 8012,
    "index": 49
  },
  {
    "name": "Require(43) app/extend/context.ts",
    "start": 1577438885268,
    "end": 1577438885268,
    "duration": 0,
    "pid": 8012,
    "index": 50
  },
  {
    "name": "Load extend/helper.js",
    "start": 1577438885270,
    "end": 1577438885311,
    "duration": 41,
    "pid": 8012,
    "index": 51
  },
  {
    "name": "Require(44) node_modules/egg-security/app/extend/helper.js",
    "start": 1577438885271,
    "end": 1577438885280,
    "duration": 9,
    "pid": 8012,
    "index": 52
  },
  {
    "name": "Require(45) node_modules/egg/app/extend/helper.js",
    "start": 1577438885282,
    "end": 1577438885283,
    "duration": 1,
    "pid": 8012,
    "index": 53
  },
  {
    "name": "Require(46) app/extend/helper.ts",
    "start": 1577438885283,
    "end": 1577438885309,
    "duration": 26,
    "pid": 8012,
    "index": 54
  },
  {
    "name": "Load app.js",
    "start": 1577438885311,
    "end": 1577438885391,
    "duration": 80,
    "pid": 8012,
    "index": 55
  },
  {
    "name": "Require(47) node_modules/egg-session/app.js",
    "start": 1577438885311,
    "end": 1577438885312,
    "duration": 1,
    "pid": 8012,
    "index": 56
  },
  {
    "name": "Require(48) node_modules/egg-security/app.js",
    "start": 1577438885312,
    "end": 1577438885313,
    "duration": 1,
    "pid": 8012,
    "index": 57
  },
  {
    "name": "Require(49) node_modules/egg-onerror/app.js",
    "start": 1577438885313,
    "end": 1577438885318,
    "duration": 5,
    "pid": 8012,
    "index": 58
  },
  {
    "name": "Require(50) node_modules/egg-i18n/app.js",
    "start": 1577438885318,
    "end": 1577438885328,
    "duration": 10,
    "pid": 8012,
    "index": 59
  },
  {
    "name": "Require(51) node_modules/egg-watcher/app.js",
    "start": 1577438885328,
    "end": 1577438885330,
    "duration": 2,
    "pid": 8012,
    "index": 60
  },
  {
    "name": "Require(52) node_modules/egg-schedule/app.js",
    "start": 1577438885330,
    "end": 1577438885331,
    "duration": 1,
    "pid": 8012,
    "index": 61
  },
  {
    "name": "Require(53) node_modules/egg-multipart/app.js",
    "start": 1577438885331,
    "end": 1577438885333,
    "duration": 2,
    "pid": 8012,
    "index": 62
  },
  {
    "name": "Require(54) node_modules/egg-development/app.js",
    "start": 1577438885333,
    "end": 1577438885333,
    "duration": 0,
    "pid": 8012,
    "index": 63
  },
  {
    "name": "Require(55) node_modules/egg-logrotator/app.js",
    "start": 1577438885333,
    "end": 1577438885333,
    "duration": 0,
    "pid": 8012,
    "index": 64
  },
  {
    "name": "Require(56) node_modules/egg-static/app.js",
    "start": 1577438885333,
    "end": 1577438885334,
    "duration": 1,
    "pid": 8012,
    "index": 65
  },
  {
    "name": "Require(57) node_modules/@switchdog/egg-graphql/app.js",
    "start": 1577438885334,
    "end": 1577438885334,
    "duration": 0,
    "pid": 8012,
    "index": 66
  },
  {
    "name": "Require(58) node_modules/egg-sequelize/app.js",
    "start": 1577438885334,
    "end": 1577438885334,
    "duration": 0,
    "pid": 8012,
    "index": 67
  },
  {
    "name": "Require(59) node_modules/egg-cors/app.js",
    "start": 1577438885334,
    "end": 1577438885335,
    "duration": 1,
    "pid": 8012,
    "index": 68
  },
  {
    "name": "Require(60) node_modules/egg-redis/app.js",
    "start": 1577438885335,
    "end": 1577438885335,
    "duration": 0,
    "pid": 8012,
    "index": 69
  },
  {
    "name": "Require(61) node_modules/egg-view-ejs/app.js",
    "start": 1577438885336,
    "end": 1577438885336,
    "duration": 0,
    "pid": 8012,
    "index": 70
  },
  {
    "name": "Require(62) node_modules/egg-socket.io/app.js",
    "start": 1577438885336,
    "end": 1577438885389,
    "duration": 53,
    "pid": 8012,
    "index": 71
  },
  {
    "name": "Require(63) app.ts",
    "start": 1577438885389,
    "end": 1577438885390,
    "duration": 1,
    "pid": 8012,
    "index": 72
  },
  {
    "name": "Before Start in node_modules/egg-watcher/lib/init.js:15:14",
    "start": 1577438885406,
    "end": 1577438890486,
    "duration": 5080,
    "pid": 8012,
    "index": 73
  },
  {
    "name": "Loader Graphql",
    "start": 1577438885603,
    "end": 1577438885652,
    "duration": 49,
    "pid": 8012,
    "index": 74
  },
  {
    "name": "Load \"Symbol(model)\" to Application",
    "start": 1577438885890,
    "end": 1577438885909,
    "duration": 19,
    "pid": 8012,
    "index": 75
  },
  {
    "name": "Before Start in node_modules/egg-sequelize/lib/loader.js:39:7",
    "start": 1577438885911,
    "end": 1577438890516,
    "duration": 4605,
    "pid": 8012,
    "index": 76
  },
  {
    "name": "Before Start in node_modules/egg-redis/lib/redis.js:53:7",
    "start": 1577438885962,
    "end": 1577438890446,
    "duration": 4484,
    "pid": 8012,
    "index": 77
  },
  {
    "name": "Load Controller",
    "start": 1577438885977,
    "end": 1577438886666,
    "duration": 689,
    "pid": 8012,
    "index": 78
  },
  {
    "name": "Load \"controller\" to Application",
    "start": 1577438885977,
    "end": 1577438886666,
    "duration": 689,
    "pid": 8012,
    "index": 79
  },
  {
    "name": "Before Start in node_modules/egg-socket.io/lib/io.js:26:7",
    "start": 1577438885983,
    "end": 1577438890422,
    "duration": 4439,
    "pid": 8012,
    "index": 80
  },
  {
    "name": "Load Service",
    "start": 1577438885986,
    "end": 1577438886342,
    "duration": 356,
    "pid": 8012,
    "index": 81
  },
  {
    "name": "Load \"service\" to Context",
    "start": 1577438885986,
    "end": 1577438886342,
    "duration": 356,
    "pid": 8012,
    "index": 82
  },
  {
    "name": "Load Middleware",
    "start": 1577438886343,
    "end": 1577438886666,
    "duration": 323,
    "pid": 8012,
    "index": 83
  },
  {
    "name": "Load \"middlewares\" to Application",
    "start": 1577438886343,
    "end": 1577438886624,
    "duration": 281,
    "pid": 8012,
    "index": 84
  },
  {
    "name": "Load Controller",
    "start": 1577438886666,
    "end": 1577438890388,
    "duration": 3722,
    "pid": 8012,
    "index": 85
  },
  {
    "name": "Load \"controller\" to Application",
    "start": 1577438886666,
    "end": 1577438890388,
    "duration": 3722,
    "pid": 8012,
    "index": 86
  },
  {
    "name": "Load Router",
    "start": 1577438890388,
    "end": 1577438890391,
    "duration": 3,
    "pid": 8012,
    "index": 87
  },
  {
    "name": "Require(64) app/router.ts",
    "start": 1577438890388,
    "end": 1577438890389,
    "duration": 1,
    "pid": 8012,
    "index": 88
  },
  {
    "name": "Before Start in node_modules/egg-core/lib/egg.js:303:10",
    "start": 1577438890389,
    "end": 1577438890422,
    "duration": 33,
    "pid": 8012,
    "index": 89
  }
]