[
  {
    "name": "Application Start",
    "start": 1577438140414,
    "end": 1577438144861,
    "duration": 4447,
    "pid": 7666,
    "index": 0
  },
  {
    "name": "Load Plugin",
    "start": 1577438140421,
    "end": 1577438140433,
    "duration": 12,
    "pid": 7666,
    "index": 1
  },
  {
    "name": "Load Config",
    "start": 1577438140434,
    "end": 1577438140469,
    "duration": 35,
    "pid": 7666,
    "index": 2
  },
  {
    "name": "Require(0) config/config.default.ts",
    "start": 1577438140435,
    "end": 1577438140439,
    "duration": 4,
    "pid": 7666,
    "index": 3
  },
  {
    "name": "Require(1) config/config.local.ts",
    "start": 1577438140442,
    "end": 1577438140443,
    "duration": 1,
    "pid": 7666,
    "index": 4
  },
  {
    "name": "Require(2) node_modules/egg-session/config/config.default.js",
    "start": 1577438140444,
    "end": 1577438140445,
    "duration": 1,
    "pid": 7666,
    "index": 5
  },
  {
    "name": "Require(3) node_modules/egg-security/config/config.default.js",
    "start": 1577438140445,
    "end": 1577438140445,
    "duration": 0,
    "pid": 7666,
    "index": 6
  },
  {
    "name": "Require(4) node_modules/egg-jsonp/config/config.default.js",
    "start": 1577438140446,
    "end": 1577438140446,
    "duration": 0,
    "pid": 7666,
    "index": 7
  },
  {
    "name": "Require(5) node_modules/egg-onerror/config/config.default.js",
    "start": 1577438140446,
    "end": 1577438140447,
    "duration": 1,
    "pid": 7666,
    "index": 8
  },
  {
    "name": "Require(6) node_modules/egg-i18n/config/config.default.js",
    "start": 1577438140447,
    "end": 1577438140447,
    "duration": 0,
    "pid": 7666,
    "index": 9
  },
  {
    "name": "Require(7) node_modules/egg-watcher/config/config.default.js",
    "start": 1577438140448,
    "end": 1577438140448,
    "duration": 0,
    "pid": 7666,
    "index": 10
  },
  {
    "name": "Require(8) node_modules/egg-schedule/config/config.default.js",
    "start": 1577438140448,
    "end": 1577438140448,
    "duration": 0,
    "pid": 7666,
    "index": 11
  },
  {
    "name": "Require(9) node_modules/egg-multipart/config/config.default.js",
    "start": 1577438140449,
    "end": 1577438140449,
    "duration": 0,
    "pid": 7666,
    "index": 12
  },
  {
    "name": "Require(10) node_modules/egg-development/config/config.default.js",
    "start": 1577438140450,
    "end": 1577438140450,
    "duration": 0,
    "pid": 7666,
    "index": 13
  },
  {
    "name": "Require(11) node_modules/egg-logrotator/config/config.default.js",
    "start": 1577438140450,
    "end": 1577438140451,
    "duration": 1,
    "pid": 7666,
    "index": 14
  },
  {
    "name": "Require(12) node_modules/egg-static/config/config.default.js",
    "start": 1577438140451,
    "end": 1577438140454,
    "duration": 3,
    "pid": 7666,
    "index": 15
  },
  {
    "name": "Require(13) node_modules/egg-view/config/config.default.js",
    "start": 1577438140454,
    "end": 1577438140455,
    "duration": 1,
    "pid": 7666,
    "index": 16
  },
  {
    "name": "Require(14) node_modules/@switchdog/egg-graphql/config/config.default.js",
    "start": 1577438140455,
    "end": 1577438140455,
    "duration": 0,
    "pid": 7666,
    "index": 17
  },
  {
    "name": "Require(15) node_modules/egg-sequelize/config/config.default.js",
    "start": 1577438140456,
    "end": 1577438140456,
    "duration": 0,
    "pid": 7666,
    "index": 18
  },
  {
    "name": "Require(16) node_modules/egg-cors/config/config.default.js",
    "start": 1577438140456,
    "end": 1577438140456,
    "duration": 0,
    "pid": 7666,
    "index": 19
  },
  {
    "name": "Require(17) node_modules/egg-redis/config/config.default.js",
    "start": 1577438140457,
    "end": 1577438140457,
    "duration": 0,
    "pid": 7666,
    "index": 20
  },
  {
    "name": "Require(18) node_modules/egg-view-ejs/config/config.default.js",
    "start": 1577438140457,
    "end": 1577438140458,
    "duration": 1,
    "pid": 7666,
    "index": 21
  },
  {
    "name": "Require(19) node_modules/egg-socket.io/config/config.default.js",
    "start": 1577438140458,
    "end": 1577438140458,
    "duration": 0,
    "pid": 7666,
    "index": 22
  },
  {
    "name": "Require(20) node_modules/egg/config/config.default.js",
    "start": 1577438140459,
    "end": 1577438140459,
    "duration": 0,
    "pid": 7666,
    "index": 23
  },
  {
    "name": "Require(21) config/config.default.ts",
    "start": 1577438140461,
    "end": 1577438140461,
    "duration": 0,
    "pid": 7666,
    "index": 24
  },
  {
    "name": "Require(22) node_modules/egg-security/config/config.local.js",
    "start": 1577438140463,
    "end": 1577438140463,
    "duration": 0,
    "pid": 7666,
    "index": 25
  },
  {
    "name": "Require(23) node_modules/egg-watcher/config/config.local.js",
    "start": 1577438140464,
    "end": 1577438140464,
    "duration": 0,
    "pid": 7666,
    "index": 26
  },
  {
    "name": "Require(24) node_modules/egg-view/config/config.local.js",
    "start": 1577438140465,
    "end": 1577438140466,
    "duration": 1,
    "pid": 7666,
    "index": 27
  },
  {
    "name": "Require(25) node_modules/egg-view-ejs/config/config.local.js",
    "start": 1577438140467,
    "end": 1577438140467,
    "duration": 0,
    "pid": 7666,
    "index": 28
  },
  {
    "name": "Require(26) node_modules/egg/config/config.local.js",
    "start": 1577438140468,
    "end": 1577438140468,
    "duration": 0,
    "pid": 7666,
    "index": 29
  },
  {
    "name": "Require(27) config/config.local.ts",
    "start": 1577438140468,
    "end": 1577438140468,
    "duration": 0,
    "pid": 7666,
    "index": 30
  },
  {
    "name": "Load extend/application.js",
    "start": 1577438140471,
    "end": 1577438140517,
    "duration": 46,
    "pid": 7666,
    "index": 31
  },
  {
    "name": "Require(28) node_modules/egg-session/app/extend/application.js",
    "start": 1577438140472,
    "end": 1577438140473,
    "duration": 1,
    "pid": 7666,
    "index": 32
  },
  {
    "name": "Require(29) node_modules/egg-security/app/extend/application.js",
    "start": 1577438140473,
    "end": 1577438140475,
    "duration": 2,
    "pid": 7666,
    "index": 33
  },
  {
    "name": "Require(30) node_modules/egg-jsonp/app/extend/application.js",
    "start": 1577438140475,
    "end": 1577438140476,
    "duration": 1,
    "pid": 7666,
    "index": 34
  },
  {
    "name": "Require(31) node_modules/egg-logrotator/app/extend/application.js",
    "start": 1577438140477,
    "end": 1577438140478,
    "duration": 1,
    "pid": 7666,
    "index": 35
  },
  {
    "name": "Require(32) node_modules/egg-view/app/extend/application.js",
    "start": 1577438140478,
    "end": 1577438140479,
    "duration": 1,
    "pid": 7666,
    "index": 36
  },
  {
    "name": "Require(33) node_modules/egg-socket.io/app/extend/application.js",
    "start": 1577438140480,
    "end": 1577438140515,
    "duration": 35,
    "pid": 7666,
    "index": 37
  },
  {
    "name": "Load extend/request.js",
    "start": 1577438140517,
    "end": 1577438140522,
    "duration": 5,
    "pid": 7666,
    "index": 38
  },
  {
    "name": "Require(34) node_modules/egg/app/extend/request.js",
    "start": 1577438140519,
    "end": 1577438140520,
    "duration": 1,
    "pid": 7666,
    "index": 39
  },
  {
    "name": "Load extend/response.js",
    "start": 1577438140522,
    "end": 1577438140530,
    "duration": 8,
    "pid": 7666,
    "index": 40
  },
  {
    "name": "Require(35) node_modules/egg/app/extend/response.js",
    "start": 1577438140525,
    "end": 1577438140528,
    "duration": 3,
    "pid": 7666,
    "index": 41
  },
  {
    "name": "Load extend/context.js",
    "start": 1577438140530,
    "end": 1577438140585,
    "duration": 55,
    "pid": 7666,
    "index": 42
  },
  {
    "name": "Require(36) node_modules/egg-security/app/extend/context.js",
    "start": 1577438140530,
    "end": 1577438140537,
    "duration": 7,
    "pid": 7666,
    "index": 43
  },
  {
    "name": "Require(37) node_modules/egg-jsonp/app/extend/context.js",
    "start": 1577438140537,
    "end": 1577438140538,
    "duration": 1,
    "pid": 7666,
    "index": 44
  },
  {
    "name": "Require(38) node_modules/egg-i18n/app/extend/context.js",
    "start": 1577438140539,
    "end": 1577438140539,
    "duration": 0,
    "pid": 7666,
    "index": 45
  },
  {
    "name": "Require(39) node_modules/egg-multipart/app/extend/context.js",
    "start": 1577438140539,
    "end": 1577438140578,
    "duration": 39,
    "pid": 7666,
    "index": 46
  },
  {
    "name": "Require(40) node_modules/egg-view/app/extend/context.js",
    "start": 1577438140579,
    "end": 1577438140579,
    "duration": 0,
    "pid": 7666,
    "index": 47
  },
  {
    "name": "Require(41) node_modules/@switchdog/egg-graphql/app/extend/context.js",
    "start": 1577438140580,
    "end": 1577438140580,
    "duration": 0,
    "pid": 7666,
    "index": 48
  },
  {
    "name": "Require(42) node_modules/egg/app/extend/context.js",
    "start": 1577438140581,
    "end": 1577438140582,
    "duration": 1,
    "pid": 7666,
    "index": 49
  },
  {
    "name": "Require(43) app/extend/context.ts",
    "start": 1577438140582,
    "end": 1577438140583,
    "duration": 1,
    "pid": 7666,
    "index": 50
  },
  {
    "name": "Load extend/helper.js",
    "start": 1577438140585,
    "end": 1577438140631,
    "duration": 46,
    "pid": 7666,
    "index": 51
  },
  {
    "name": "Require(44) node_modules/egg-security/app/extend/helper.js",
    "start": 1577438140586,
    "end": 1577438140601,
    "duration": 15,
    "pid": 7666,
    "index": 52
  },
  {
    "name": "Require(45) node_modules/egg/app/extend/helper.js",
    "start": 1577438140602,
    "end": 1577438140603,
    "duration": 1,
    "pid": 7666,
    "index": 53
  },
  {
    "name": "Require(46) app/extend/helper.ts",
    "start": 1577438140603,
    "end": 1577438140629,
    "duration": 26,
    "pid": 7666,
    "index": 54
  },
  {
    "name": "Load app.js",
    "start": 1577438140631,
    "end": 1577438140713,
    "duration": 82,
    "pid": 7666,
    "index": 55
  },
  {
    "name": "Require(47) node_modules/egg-session/app.js",
    "start": 1577438140631,
    "end": 1577438140632,
    "duration": 1,
    "pid": 7666,
    "index": 56
  },
  {
    "name": "Require(48) node_modules/egg-security/app.js",
    "start": 1577438140632,
    "end": 1577438140634,
    "duration": 2,
    "pid": 7666,
    "index": 57
  },
  {
    "name": "Require(49) node_modules/egg-onerror/app.js",
    "start": 1577438140634,
    "end": 1577438140641,
    "duration": 7,
    "pid": 7666,
    "index": 58
  },
  {
    "name": "Require(50) node_modules/egg-i18n/app.js",
    "start": 1577438140641,
    "end": 1577438140655,
    "duration": 14,
    "pid": 7666,
    "index": 59
  },
  {
    "name": "Require(51) node_modules/egg-watcher/app.js",
    "start": 1577438140655,
    "end": 1577438140658,
    "duration": 3,
    "pid": 7666,
    "index": 60
  },
  {
    "name": "Require(52) node_modules/egg-schedule/app.js",
    "start": 1577438140658,
    "end": 1577438140659,
    "duration": 1,
    "pid": 7666,
    "index": 61
  },
  {
    "name": "Require(53) node_modules/egg-multipart/app.js",
    "start": 1577438140659,
    "end": 1577438140661,
    "duration": 2,
    "pid": 7666,
    "index": 62
  },
  {
    "name": "Require(54) node_modules/egg-development/app.js",
    "start": 1577438140661,
    "end": 1577438140662,
    "duration": 1,
    "pid": 7666,
    "index": 63
  },
  {
    "name": "Require(55) node_modules/egg-logrotator/app.js",
    "start": 1577438140662,
    "end": 1577438140662,
    "duration": 0,
    "pid": 7666,
    "index": 64
  },
  {
    "name": "Require(56) node_modules/egg-static/app.js",
    "start": 1577438140662,
    "end": 1577438140663,
    "duration": 1,
    "pid": 7666,
    "index": 65
  },
  {
    "name": "Require(57) node_modules/@switchdog/egg-graphql/app.js",
    "start": 1577438140663,
    "end": 1577438140663,
    "duration": 0,
    "pid": 7666,
    "index": 66
  },
  {
    "name": "Require(58) node_modules/egg-sequelize/app.js",
    "start": 1577438140663,
    "end": 1577438140664,
    "duration": 1,
    "pid": 7666,
    "index": 67
  },
  {
    "name": "Require(59) node_modules/egg-cors/app.js",
    "start": 1577438140664,
    "end": 1577438140664,
    "duration": 0,
    "pid": 7666,
    "index": 68
  },
  {
    "name": "Require(60) node_modules/egg-redis/app.js",
    "start": 1577438140664,
    "end": 1577438140665,
    "duration": 1,
    "pid": 7666,
    "index": 69
  },
  {
    "name": "Require(61) node_modules/egg-view-ejs/app.js",
    "start": 1577438140665,
    "end": 1577438140666,
    "duration": 1,
    "pid": 7666,
    "index": 70
  },
  {
    "name": "Require(62) node_modules/egg-socket.io/app.js",
    "start": 1577438140666,
    "end": 1577438140711,
    "duration": 45,
    "pid": 7666,
    "index": 71
  },
  {
    "name": "Require(63) app.ts",
    "start": 1577438140711,
    "end": 1577438140712,
    "duration": 1,
    "pid": 7666,
    "index": 72
  },
  {
    "name": "Before Start in node_modules/egg-watcher/lib/init.js:15:14",
    "start": 1577438140729,
    "end": 1577438144805,
    "duration": 4076,
    "pid": 7666,
    "index": 73
  },
  {
    "name": "Loader Graphql",
    "start": 1577438140888,
    "end": 1577438140936,
    "duration": 48,
    "pid": 7666,
    "index": 74
  },
  {
    "name": "Load \"Symbol(model)\" to Application",
    "start": 1577438141179,
    "end": 1577438141192,
    "duration": 13,
    "pid": 7666,
    "index": 75
  },
  {
    "name": "Before Start in node_modules/egg-sequelize/lib/loader.js:39:7",
    "start": 1577438141193,
    "end": 1577438144859,
    "duration": 3666,
    "pid": 7666,
    "index": 76
  },
  {
    "name": "Before Start in node_modules/egg-redis/lib/redis.js:53:7",
    "start": 1577438141248,
    "end": 1577438144788,
    "duration": 3540,
    "pid": 7666,
    "index": 77
  },
  {
    "name": "Load Controller",
    "start": 1577438141265,
    "end": 1577438142044,
    "duration": 779,
    "pid": 7666,
    "index": 78
  },
  {
    "name": "Load \"controller\" to Application",
    "start": 1577438141265,
    "end": 1577438142044,
    "duration": 779,
    "pid": 7666,
    "index": 79
  },
  {
    "name": "Before Start in node_modules/egg-socket.io/lib/io.js:26:7",
    "start": 1577438141272,
    "end": 1577438144760,
    "duration": 3488,
    "pid": 7666,
    "index": 80
  },
  {
    "name": "Load Service",
    "start": 1577438141275,
    "end": 1577438141794,
    "duration": 519,
    "pid": 7666,
    "index": 81
  },
  {
    "name": "Load \"service\" to Context",
    "start": 1577438141275,
    "end": 1577438141794,
    "duration": 519,
    "pid": 7666,
    "index": 82
  },
  {
    "name": "Load Middleware",
    "start": 1577438141794,
    "end": 1577438142044,
    "duration": 250,
    "pid": 7666,
    "index": 83
  },
  {
    "name": "Load \"middlewares\" to Application",
    "start": 1577438141794,
    "end": 1577438142003,
    "duration": 209,
    "pid": 7666,
    "index": 84
  },
  {
    "name": "Load Controller",
    "start": 1577438142044,
    "end": 1577438144717,
    "duration": 2673,
    "pid": 7666,
    "index": 85
  },
  {
    "name": "Load \"controller\" to Application",
    "start": 1577438142044,
    "end": 1577438144717,
    "duration": 2673,
    "pid": 7666,
    "index": 86
  },
  {
    "name": "Load Router",
    "start": 1577438144717,
    "end": 1577438144721,
    "duration": 4,
    "pid": 7666,
    "index": 87
  },
  {
    "name": "Require(64) app/router.ts",
    "start": 1577438144717,
    "end": 1577438144719,
    "duration": 2,
    "pid": 7666,
    "index": 88
  },
  {
    "name": "Before Start in node_modules/egg-core/lib/egg.js:303:10",
    "start": 1577438144719,
    "end": 1577438144760,
    "duration": 41,
    "pid": 7666,
    "index": 89
  }
]