[
  {
    "name": "Application Start",
    "start": 1577438356620,
    "end": 1577438358151,
    "duration": 1531,
    "pid": 7818,
    "index": 0
  },
  {
    "name": "Load Plugin",
    "start": 1577438356628,
    "end": 1577438356641,
    "duration": 13,
    "pid": 7818,
    "index": 1
  },
  {
    "name": "Load Config",
    "start": 1577438356641,
    "end": 1577438356662,
    "duration": 21,
    "pid": 7818,
    "index": 2
  },
  {
    "name": "Require(0) config/config.default.ts",
    "start": 1577438356642,
    "end": 1577438356644,
    "duration": 2,
    "pid": 7818,
    "index": 3
  },
  {
    "name": "Require(1) config/config.local.ts",
    "start": 1577438356646,
    "end": 1577438356647,
    "duration": 1,
    "pid": 7818,
    "index": 4
  },
  {
    "name": "Require(2) node_modules/egg-session/config/config.default.js",
    "start": 1577438356648,
    "end": 1577438356648,
    "duration": 0,
    "pid": 7818,
    "index": 5
  },
  {
    "name": "Require(3) node_modules/egg-security/config/config.default.js",
    "start": 1577438356649,
    "end": 1577438356649,
    "duration": 0,
    "pid": 7818,
    "index": 6
  },
  {
    "name": "Require(4) node_modules/egg-jsonp/config/config.default.js",
    "start": 1577438356649,
    "end": 1577438356650,
    "duration": 1,
    "pid": 7818,
    "index": 7
  },
  {
    "name": "Require(5) node_modules/egg-onerror/config/config.default.js",
    "start": 1577438356650,
    "end": 1577438356650,
    "duration": 0,
    "pid": 7818,
    "index": 8
  },
  {
    "name": "Require(6) node_modules/egg-i18n/config/config.default.js",
    "start": 1577438356650,
    "end": 1577438356650,
    "duration": 0,
    "pid": 7818,
    "index": 9
  },
  {
    "name": "Require(7) node_modules/egg-watcher/config/config.default.js",
    "start": 1577438356651,
    "end": 1577438356651,
    "duration": 0,
    "pid": 7818,
    "index": 10
  },
  {
    "name": "Require(8) node_modules/egg-schedule/config/config.default.js",
    "start": 1577438356651,
    "end": 1577438356651,
    "duration": 0,
    "pid": 7818,
    "index": 11
  },
  {
    "name": "Require(9) node_modules/egg-multipart/config/config.default.js",
    "start": 1577438356652,
    "end": 1577438356652,
    "duration": 0,
    "pid": 7818,
    "index": 12
  },
  {
    "name": "Require(10) node_modules/egg-development/config/config.default.js",
    "start": 1577438356652,
    "end": 1577438356652,
    "duration": 0,
    "pid": 7818,
    "index": 13
  },
  {
    "name": "Require(11) node_modules/egg-logrotator/config/config.default.js",
    "start": 1577438356653,
    "end": 1577438356653,
    "duration": 0,
    "pid": 7818,
    "index": 14
  },
  {
    "name": "Require(12) node_modules/egg-static/config/config.default.js",
    "start": 1577438356653,
    "end": 1577438356653,
    "duration": 0,
    "pid": 7818,
    "index": 15
  },
  {
    "name": "Require(13) node_modules/egg-view/config/config.default.js",
    "start": 1577438356653,
    "end": 1577438356654,
    "duration": 1,
    "pid": 7818,
    "index": 16
  },
  {
    "name": "Require(14) node_modules/@switchdog/egg-graphql/config/config.default.js",
    "start": 1577438356654,
    "end": 1577438356654,
    "duration": 0,
    "pid": 7818,
    "index": 17
  },
  {
    "name": "Require(15) node_modules/egg-sequelize/config/config.default.js",
    "start": 1577438356655,
    "end": 1577438356655,
    "duration": 0,
    "pid": 7818,
    "index": 18
  },
  {
    "name": "Require(16) node_modules/egg-cors/config/config.default.js",
    "start": 1577438356655,
    "end": 1577438356655,
    "duration": 0,
    "pid": 7818,
    "index": 19
  },
  {
    "name": "Require(17) node_modules/egg-redis/config/config.default.js",
    "start": 1577438356655,
    "end": 1577438356656,
    "duration": 1,
    "pid": 7818,
    "index": 20
  },
  {
    "name": "Require(18) node_modules/egg-view-ejs/config/config.default.js",
    "start": 1577438356656,
    "end": 1577438356656,
    "duration": 0,
    "pid": 7818,
    "index": 21
  },
  {
    "name": "Require(19) node_modules/egg-socket.io/config/config.default.js",
    "start": 1577438356656,
    "end": 1577438356656,
    "duration": 0,
    "pid": 7818,
    "index": 22
  },
  {
    "name": "Require(20) node_modules/egg/config/config.default.js",
    "start": 1577438356657,
    "end": 1577438356657,
    "duration": 0,
    "pid": 7818,
    "index": 23
  },
  {
    "name": "Require(21) config/config.default.ts",
    "start": 1577438356658,
    "end": 1577438356658,
    "duration": 0,
    "pid": 7818,
    "index": 24
  },
  {
    "name": "Require(22) node_modules/egg-security/config/config.local.js",
    "start": 1577438356659,
    "end": 1577438356659,
    "duration": 0,
    "pid": 7818,
    "index": 25
  },
  {
    "name": "Require(23) node_modules/egg-watcher/config/config.local.js",
    "start": 1577438356660,
    "end": 1577438356660,
    "duration": 0,
    "pid": 7818,
    "index": 26
  },
  {
    "name": "Require(24) node_modules/egg-view/config/config.local.js",
    "start": 1577438356661,
    "end": 1577438356661,
    "duration": 0,
    "pid": 7818,
    "index": 27
  },
  {
    "name": "Require(25) node_modules/egg-view-ejs/config/config.local.js",
    "start": 1577438356661,
    "end": 1577438356661,
    "duration": 0,
    "pid": 7818,
    "index": 28
  },
  {
    "name": "Require(26) node_modules/egg/config/config.local.js",
    "start": 1577438356662,
    "end": 1577438356662,
    "duration": 0,
    "pid": 7818,
    "index": 29
  },
  {
    "name": "Require(27) config/config.local.ts",
    "start": 1577438356662,
    "end": 1577438356662,
    "duration": 0,
    "pid": 7818,
    "index": 30
  },
  {
    "name": "Load extend/application.js",
    "start": 1577438356664,
    "end": 1577438356696,
    "duration": 32,
    "pid": 7818,
    "index": 31
  },
  {
    "name": "Require(28) node_modules/egg-session/app/extend/application.js",
    "start": 1577438356664,
    "end": 1577438356664,
    "duration": 0,
    "pid": 7818,
    "index": 32
  },
  {
    "name": "Require(29) node_modules/egg-security/app/extend/application.js",
    "start": 1577438356665,
    "end": 1577438356665,
    "duration": 0,
    "pid": 7818,
    "index": 33
  },
  {
    "name": "Require(30) node_modules/egg-jsonp/app/extend/application.js",
    "start": 1577438356665,
    "end": 1577438356666,
    "duration": 1,
    "pid": 7818,
    "index": 34
  },
  {
    "name": "Require(31) node_modules/egg-logrotator/app/extend/application.js",
    "start": 1577438356667,
    "end": 1577438356668,
    "duration": 1,
    "pid": 7818,
    "index": 35
  },
  {
    "name": "Require(32) node_modules/egg-view/app/extend/application.js",
    "start": 1577438356668,
    "end": 1577438356669,
    "duration": 1,
    "pid": 7818,
    "index": 36
  },
  {
    "name": "Require(33) node_modules/egg-socket.io/app/extend/application.js",
    "start": 1577438356669,
    "end": 1577438356695,
    "duration": 26,
    "pid": 7818,
    "index": 37
  },
  {
    "name": "Load extend/request.js",
    "start": 1577438356696,
    "end": 1577438356701,
    "duration": 5,
    "pid": 7818,
    "index": 38
  },
  {
    "name": "Require(34) node_modules/egg/app/extend/request.js",
    "start": 1577438356698,
    "end": 1577438356699,
    "duration": 1,
    "pid": 7818,
    "index": 39
  },
  {
    "name": "Load extend/response.js",
    "start": 1577438356701,
    "end": 1577438356705,
    "duration": 4,
    "pid": 7818,
    "index": 40
  },
  {
    "name": "Require(35) node_modules/egg/app/extend/response.js",
    "start": 1577438356702,
    "end": 1577438356703,
    "duration": 1,
    "pid": 7818,
    "index": 41
  },
  {
    "name": "Load extend/context.js",
    "start": 1577438356705,
    "end": 1577438356756,
    "duration": 51,
    "pid": 7818,
    "index": 42
  },
  {
    "name": "Require(36) node_modules/egg-security/app/extend/context.js",
    "start": 1577438356705,
    "end": 1577438356711,
    "duration": 6,
    "pid": 7818,
    "index": 43
  },
  {
    "name": "Require(37) node_modules/egg-jsonp/app/extend/context.js",
    "start": 1577438356712,
    "end": 1577438356713,
    "duration": 1,
    "pid": 7818,
    "index": 44
  },
  {
    "name": "Require(38) node_modules/egg-i18n/app/extend/context.js",
    "start": 1577438356713,
    "end": 1577438356713,
    "duration": 0,
    "pid": 7818,
    "index": 45
  },
  {
    "name": "Require(39) node_modules/egg-multipart/app/extend/context.js",
    "start": 1577438356713,
    "end": 1577438356749,
    "duration": 36,
    "pid": 7818,
    "index": 46
  },
  {
    "name": "Require(40) node_modules/egg-view/app/extend/context.js",
    "start": 1577438356750,
    "end": 1577438356751,
    "duration": 1,
    "pid": 7818,
    "index": 47
  },
  {
    "name": "Require(41) node_modules/@switchdog/egg-graphql/app/extend/context.js",
    "start": 1577438356751,
    "end": 1577438356751,
    "duration": 0,
    "pid": 7818,
    "index": 48
  },
  {
    "name": "Require(42) node_modules/egg/app/extend/context.js",
    "start": 1577438356752,
    "end": 1577438356753,
    "duration": 1,
    "pid": 7818,
    "index": 49
  },
  {
    "name": "Require(43) app/extend/context.ts",
    "start": 1577438356753,
    "end": 1577438356754,
    "duration": 1,
    "pid": 7818,
    "index": 50
  },
  {
    "name": "Load extend/helper.js",
    "start": 1577438356756,
    "end": 1577438356794,
    "duration": 38,
    "pid": 7818,
    "index": 51
  },
  {
    "name": "Require(44) node_modules/egg-security/app/extend/helper.js",
    "start": 1577438356756,
    "end": 1577438356766,
    "duration": 10,
    "pid": 7818,
    "index": 52
  },
  {
    "name": "Require(45) node_modules/egg/app/extend/helper.js",
    "start": 1577438356768,
    "end": 1577438356768,
    "duration": 0,
    "pid": 7818,
    "index": 53
  },
  {
    "name": "Require(46) app/extend/helper.ts",
    "start": 1577438356768,
    "end": 1577438356792,
    "duration": 24,
    "pid": 7818,
    "index": 54
  },
  {
    "name": "Load app.js",
    "start": 1577438356794,
    "end": 1577438356860,
    "duration": 66,
    "pid": 7818,
    "index": 55
  },
  {
    "name": "Require(47) node_modules/egg-session/app.js",
    "start": 1577438356794,
    "end": 1577438356794,
    "duration": 0,
    "pid": 7818,
    "index": 56
  },
  {
    "name": "Require(48) node_modules/egg-security/app.js",
    "start": 1577438356794,
    "end": 1577438356796,
    "duration": 2,
    "pid": 7818,
    "index": 57
  },
  {
    "name": "Require(49) node_modules/egg-onerror/app.js",
    "start": 1577438356796,
    "end": 1577438356803,
    "duration": 7,
    "pid": 7818,
    "index": 58
  },
  {
    "name": "Require(50) node_modules/egg-i18n/app.js",
    "start": 1577438356803,
    "end": 1577438356813,
    "duration": 10,
    "pid": 7818,
    "index": 59
  },
  {
    "name": "Require(51) node_modules/egg-watcher/app.js",
    "start": 1577438356813,
    "end": 1577438356815,
    "duration": 2,
    "pid": 7818,
    "index": 60
  },
  {
    "name": "Require(52) node_modules/egg-schedule/app.js",
    "start": 1577438356815,
    "end": 1577438356816,
    "duration": 1,
    "pid": 7818,
    "index": 61
  },
  {
    "name": "Require(53) node_modules/egg-multipart/app.js",
    "start": 1577438356817,
    "end": 1577438356818,
    "duration": 1,
    "pid": 7818,
    "index": 62
  },
  {
    "name": "Require(54) node_modules/egg-development/app.js",
    "start": 1577438356818,
    "end": 1577438356818,
    "duration": 0,
    "pid": 7818,
    "index": 63
  },
  {
    "name": "Require(55) node_modules/egg-logrotator/app.js",
    "start": 1577438356818,
    "end": 1577438356819,
    "duration": 1,
    "pid": 7818,
    "index": 64
  },
  {
    "name": "Require(56) node_modules/egg-static/app.js",
    "start": 1577438356819,
    "end": 1577438356819,
    "duration": 0,
    "pid": 7818,
    "index": 65
  },
  {
    "name": "Require(57) node_modules/@switchdog/egg-graphql/app.js",
    "start": 1577438356819,
    "end": 1577438356819,
    "duration": 0,
    "pid": 7818,
    "index": 66
  },
  {
    "name": "Require(58) node_modules/egg-sequelize/app.js",
    "start": 1577438356820,
    "end": 1577438356820,
    "duration": 0,
    "pid": 7818,
    "index": 67
  },
  {
    "name": "Require(59) node_modules/egg-cors/app.js",
    "start": 1577438356820,
    "end": 1577438356820,
    "duration": 0,
    "pid": 7818,
    "index": 68
  },
  {
    "name": "Require(60) node_modules/egg-redis/app.js",
    "start": 1577438356820,
    "end": 1577438356821,
    "duration": 1,
    "pid": 7818,
    "index": 69
  },
  {
    "name": "Require(61) node_modules/egg-view-ejs/app.js",
    "start": 1577438356821,
    "end": 1577438356821,
    "duration": 0,
    "pid": 7818,
    "index": 70
  },
  {
    "name": "Require(62) node_modules/egg-socket.io/app.js",
    "start": 1577438356821,
    "end": 1577438356858,
    "duration": 37,
    "pid": 7818,
    "index": 71
  },
  {
    "name": "Require(63) app.ts",
    "start": 1577438356859,
    "end": 1577438356860,
    "duration": 1,
    "pid": 7818,
    "index": 72
  },
  {
    "name": "Before Start in node_modules/egg-watcher/lib/init.js:15:14",
    "start": 1577438356894,
    "end": 1577438358132,
    "duration": 1238,
    "pid": 7818,
    "index": 73
  },
  {
    "name": "Loader Graphql",
    "start": 1577438357056,
    "end": 1577438357108,
    "duration": 52,
    "pid": 7818,
    "index": 74
  },
  {
    "name": "Load \"Symbol(model)\" to Application",
    "start": 1577438357352,
    "end": 1577438357367,
    "duration": 15,
    "pid": 7818,
    "index": 75
  },
  {
    "name": "Before Start in node_modules/egg-sequelize/lib/loader.js:39:7",
    "start": 1577438357369,
    "end": 1577438358150,
    "duration": 781,
    "pid": 7818,
    "index": 76
  },
  {
    "name": "Before Start in node_modules/egg-redis/lib/redis.js:53:7",
    "start": 1577438357407,
    "end": 1577438358116,
    "duration": 709,
    "pid": 7818,
    "index": 77
  },
  {
    "name": "Load Controller",
    "start": 1577438357421,
    "end": 1577438358043,
    "duration": 622,
    "pid": 7818,
    "index": 78
  },
  {
    "name": "Load \"controller\" to Application",
    "start": 1577438357421,
    "end": 1577438358043,
    "duration": 622,
    "pid": 7818,
    "index": 79
  },
  {
    "name": "Before Start in node_modules/egg-socket.io/lib/io.js:26:7",
    "start": 1577438357427,
    "end": 1577438358098,
    "duration": 671,
    "pid": 7818,
    "index": 80
  },
  {
    "name": "Load Service",
    "start": 1577438357430,
    "end": 1577438357844,
    "duration": 414,
    "pid": 7818,
    "index": 81
  },
  {
    "name": "Load \"service\" to Context",
    "start": 1577438357430,
    "end": 1577438357844,
    "duration": 414,
    "pid": 7818,
    "index": 82
  },
  {
    "name": "Load Middleware",
    "start": 1577438357844,
    "end": 1577438358043,
    "duration": 199,
    "pid": 7818,
    "index": 83
  },
  {
    "name": "Load \"middlewares\" to Application",
    "start": 1577438357844,
    "end": 1577438358004,
    "duration": 160,
    "pid": 7818,
    "index": 84
  },
  {
    "name": "Load Controller",
    "start": 1577438358043,
    "end": 1577438358068,
    "duration": 25,
    "pid": 7818,
    "index": 85
  },
  {
    "name": "Load \"controller\" to Application",
    "start": 1577438358043,
    "end": 1577438358068,
    "duration": 25,
    "pid": 7818,
    "index": 86
  },
  {
    "name": "Load Router",
    "start": 1577438358068,
    "end": 1577438358071,
    "duration": 3,
    "pid": 7818,
    "index": 87
  },
  {
    "name": "Require(64) app/router.ts",
    "start": 1577438358069,
    "end": 1577438358069,
    "duration": 0,
    "pid": 7818,
    "index": 88
  },
  {
    "name": "Before Start in node_modules/egg-core/lib/egg.js:303:10",
    "start": 1577438358070,
    "end": 1577438358098,
    "duration": 28,
    "pid": 7818,
    "index": 89
  }
]