[
  {
    "name": "Application Start",
    "start": 1577438416052,
    "end": 1577438420490,
    "duration": 4438,
    "pid": 7847,
    "index": 0
  },
  {
    "name": "Load Plugin",
    "start": 1577438416062,
    "end": 1577438416099,
    "duration": 37,
    "pid": 7847,
    "index": 1
  },
  {
    "name": "Load Config",
    "start": 1577438416103,
    "end": 1577438416131,
    "duration": 28,
    "pid": 7847,
    "index": 2
  },
  {
    "name": "Require(0) config/config.default.ts",
    "start": 1577438416104,
    "end": 1577438416106,
    "duration": 2,
    "pid": 7847,
    "index": 3
  },
  {
    "name": "Require(1) config/config.local.ts",
    "start": 1577438416109,
    "end": 1577438416110,
    "duration": 1,
    "pid": 7847,
    "index": 4
  },
  {
    "name": "Require(2) node_modules/egg-session/config/config.default.js",
    "start": 1577438416111,
    "end": 1577438416111,
    "duration": 0,
    "pid": 7847,
    "index": 5
  },
  {
    "name": "Require(3) node_modules/egg-security/config/config.default.js",
    "start": 1577438416111,
    "end": 1577438416111,
    "duration": 0,
    "pid": 7847,
    "index": 6
  },
  {
    "name": "Require(4) node_modules/egg-jsonp/config/config.default.js",
    "start": 1577438416112,
    "end": 1577438416112,
    "duration": 0,
    "pid": 7847,
    "index": 7
  },
  {
    "name": "Require(5) node_modules/egg-onerror/config/config.default.js",
    "start": 1577438416112,
    "end": 1577438416113,
    "duration": 1,
    "pid": 7847,
    "index": 8
  },
  {
    "name": "Require(6) node_modules/egg-i18n/config/config.default.js",
    "start": 1577438416113,
    "end": 1577438416114,
    "duration": 1,
    "pid": 7847,
    "index": 9
  },
  {
    "name": "Require(7) node_modules/egg-watcher/config/config.default.js",
    "start": 1577438416116,
    "end": 1577438416118,
    "duration": 2,
    "pid": 7847,
    "index": 10
  },
  {
    "name": "Require(8) node_modules/egg-schedule/config/config.default.js",
    "start": 1577438416119,
    "end": 1577438416119,
    "duration": 0,
    "pid": 7847,
    "index": 11
  },
  {
    "name": "Require(9) node_modules/egg-multipart/config/config.default.js",
    "start": 1577438416119,
    "end": 1577438416120,
    "duration": 1,
    "pid": 7847,
    "index": 12
  },
  {
    "name": "Require(10) node_modules/egg-development/config/config.default.js",
    "start": 1577438416120,
    "end": 1577438416120,
    "duration": 0,
    "pid": 7847,
    "index": 13
  },
  {
    "name": "Require(11) node_modules/egg-logrotator/config/config.default.js",
    "start": 1577438416120,
    "end": 1577438416121,
    "duration": 1,
    "pid": 7847,
    "index": 14
  },
  {
    "name": "Require(12) node_modules/egg-static/config/config.default.js",
    "start": 1577438416121,
    "end": 1577438416121,
    "duration": 0,
    "pid": 7847,
    "index": 15
  },
  {
    "name": "Require(13) node_modules/egg-view/config/config.default.js",
    "start": 1577438416121,
    "end": 1577438416122,
    "duration": 1,
    "pid": 7847,
    "index": 16
  },
  {
    "name": "Require(14) node_modules/@switchdog/egg-graphql/config/config.default.js",
    "start": 1577438416122,
    "end": 1577438416122,
    "duration": 0,
    "pid": 7847,
    "index": 17
  },
  {
    "name": "Require(15) node_modules/egg-sequelize/config/config.default.js",
    "start": 1577438416122,
    "end": 1577438416122,
    "duration": 0,
    "pid": 7847,
    "index": 18
  },
  {
    "name": "Require(16) node_modules/egg-cors/config/config.default.js",
    "start": 1577438416123,
    "end": 1577438416123,
    "duration": 0,
    "pid": 7847,
    "index": 19
  },
  {
    "name": "Require(17) node_modules/egg-redis/config/config.default.js",
    "start": 1577438416123,
    "end": 1577438416123,
    "duration": 0,
    "pid": 7847,
    "index": 20
  },
  {
    "name": "Require(18) node_modules/egg-view-ejs/config/config.default.js",
    "start": 1577438416124,
    "end": 1577438416124,
    "duration": 0,
    "pid": 7847,
    "index": 21
  },
  {
    "name": "Require(19) node_modules/egg-socket.io/config/config.default.js",
    "start": 1577438416124,
    "end": 1577438416124,
    "duration": 0,
    "pid": 7847,
    "index": 22
  },
  {
    "name": "Require(20) node_modules/egg/config/config.default.js",
    "start": 1577438416125,
    "end": 1577438416125,
    "duration": 0,
    "pid": 7847,
    "index": 23
  },
  {
    "name": "Require(21) config/config.default.ts",
    "start": 1577438416127,
    "end": 1577438416127,
    "duration": 0,
    "pid": 7847,
    "index": 24
  },
  {
    "name": "Require(22) node_modules/egg-security/config/config.local.js",
    "start": 1577438416128,
    "end": 1577438416128,
    "duration": 0,
    "pid": 7847,
    "index": 25
  },
  {
    "name": "Require(23) node_modules/egg-watcher/config/config.local.js",
    "start": 1577438416129,
    "end": 1577438416129,
    "duration": 0,
    "pid": 7847,
    "index": 26
  },
  {
    "name": "Require(24) node_modules/egg-view/config/config.local.js",
    "start": 1577438416129,
    "end": 1577438416130,
    "duration": 1,
    "pid": 7847,
    "index": 27
  },
  {
    "name": "Require(25) node_modules/egg-view-ejs/config/config.local.js",
    "start": 1577438416130,
    "end": 1577438416130,
    "duration": 0,
    "pid": 7847,
    "index": 28
  },
  {
    "name": "Require(26) node_modules/egg/config/config.local.js",
    "start": 1577438416131,
    "end": 1577438416131,
    "duration": 0,
    "pid": 7847,
    "index": 29
  },
  {
    "name": "Require(27) config/config.local.ts",
    "start": 1577438416131,
    "end": 1577438416131,
    "duration": 0,
    "pid": 7847,
    "index": 30
  },
  {
    "name": "Load extend/application.js",
    "start": 1577438416133,
    "end": 1577438416162,
    "duration": 29,
    "pid": 7847,
    "index": 31
  },
  {
    "name": "Require(28) node_modules/egg-session/app/extend/application.js",
    "start": 1577438416133,
    "end": 1577438416133,
    "duration": 0,
    "pid": 7847,
    "index": 32
  },
  {
    "name": "Require(29) node_modules/egg-security/app/extend/application.js",
    "start": 1577438416134,
    "end": 1577438416134,
    "duration": 0,
    "pid": 7847,
    "index": 33
  },
  {
    "name": "Require(30) node_modules/egg-jsonp/app/extend/application.js",
    "start": 1577438416134,
    "end": 1577438416135,
    "duration": 1,
    "pid": 7847,
    "index": 34
  },
  {
    "name": "Require(31) node_modules/egg-logrotator/app/extend/application.js",
    "start": 1577438416136,
    "end": 1577438416137,
    "duration": 1,
    "pid": 7847,
    "index": 35
  },
  {
    "name": "Require(32) node_modules/egg-view/app/extend/application.js",
    "start": 1577438416137,
    "end": 1577438416138,
    "duration": 1,
    "pid": 7847,
    "index": 36
  },
  {
    "name": "Require(33) node_modules/egg-socket.io/app/extend/application.js",
    "start": 1577438416138,
    "end": 1577438416160,
    "duration": 22,
    "pid": 7847,
    "index": 37
  },
  {
    "name": "Load extend/request.js",
    "start": 1577438416162,
    "end": 1577438416167,
    "duration": 5,
    "pid": 7847,
    "index": 38
  },
  {
    "name": "Require(34) node_modules/egg/app/extend/request.js",
    "start": 1577438416164,
    "end": 1577438416165,
    "duration": 1,
    "pid": 7847,
    "index": 39
  },
  {
    "name": "Load extend/response.js",
    "start": 1577438416167,
    "end": 1577438416174,
    "duration": 7,
    "pid": 7847,
    "index": 40
  },
  {
    "name": "Require(35) node_modules/egg/app/extend/response.js",
    "start": 1577438416170,
    "end": 1577438416171,
    "duration": 1,
    "pid": 7847,
    "index": 41
  },
  {
    "name": "Load extend/context.js",
    "start": 1577438416174,
    "end": 1577438416225,
    "duration": 51,
    "pid": 7847,
    "index": 42
  },
  {
    "name": "Require(36) node_modules/egg-security/app/extend/context.js",
    "start": 1577438416175,
    "end": 1577438416181,
    "duration": 6,
    "pid": 7847,
    "index": 43
  },
  {
    "name": "Require(37) node_modules/egg-jsonp/app/extend/context.js",
    "start": 1577438416182,
    "end": 1577438416183,
    "duration": 1,
    "pid": 7847,
    "index": 44
  },
  {
    "name": "Require(38) node_modules/egg-i18n/app/extend/context.js",
    "start": 1577438416183,
    "end": 1577438416183,
    "duration": 0,
    "pid": 7847,
    "index": 45
  },
  {
    "name": "Require(39) node_modules/egg-multipart/app/extend/context.js",
    "start": 1577438416183,
    "end": 1577438416217,
    "duration": 34,
    "pid": 7847,
    "index": 46
  },
  {
    "name": "Require(40) node_modules/egg-view/app/extend/context.js",
    "start": 1577438416218,
    "end": 1577438416219,
    "duration": 1,
    "pid": 7847,
    "index": 47
  },
  {
    "name": "Require(41) node_modules/@switchdog/egg-graphql/app/extend/context.js",
    "start": 1577438416219,
    "end": 1577438416219,
    "duration": 0,
    "pid": 7847,
    "index": 48
  },
  {
    "name": "Require(42) node_modules/egg/app/extend/context.js",
    "start": 1577438416220,
    "end": 1577438416221,
    "duration": 1,
    "pid": 7847,
    "index": 49
  },
  {
    "name": "Require(43) app/extend/context.ts",
    "start": 1577438416222,
    "end": 1577438416223,
    "duration": 1,
    "pid": 7847,
    "index": 50
  },
  {
    "name": "Load extend/helper.js",
    "start": 1577438416225,
    "end": 1577438416288,
    "duration": 63,
    "pid": 7847,
    "index": 51
  },
  {
    "name": "Require(44) node_modules/egg-security/app/extend/helper.js",
    "start": 1577438416226,
    "end": 1577438416239,
    "duration": 13,
    "pid": 7847,
    "index": 52
  },
  {
    "name": "Require(45) node_modules/egg/app/extend/helper.js",
    "start": 1577438416241,
    "end": 1577438416242,
    "duration": 1,
    "pid": 7847,
    "index": 53
  },
  {
    "name": "Require(46) app/extend/helper.ts",
    "start": 1577438416242,
    "end": 1577438416281,
    "duration": 39,
    "pid": 7847,
    "index": 54
  },
  {
    "name": "Load app.js",
    "start": 1577438416288,
    "end": 1577438416386,
    "duration": 98,
    "pid": 7847,
    "index": 55
  },
  {
    "name": "Require(47) node_modules/egg-session/app.js",
    "start": 1577438416288,
    "end": 1577438416289,
    "duration": 1,
    "pid": 7847,
    "index": 56
  },
  {
    "name": "Require(48) node_modules/egg-security/app.js",
    "start": 1577438416289,
    "end": 1577438416290,
    "duration": 1,
    "pid": 7847,
    "index": 57
  },
  {
    "name": "Require(49) node_modules/egg-onerror/app.js",
    "start": 1577438416290,
    "end": 1577438416299,
    "duration": 9,
    "pid": 7847,
    "index": 58
  },
  {
    "name": "Require(50) node_modules/egg-i18n/app.js",
    "start": 1577438416299,
    "end": 1577438416323,
    "duration": 24,
    "pid": 7847,
    "index": 59
  },
  {
    "name": "Require(51) node_modules/egg-watcher/app.js",
    "start": 1577438416323,
    "end": 1577438416325,
    "duration": 2,
    "pid": 7847,
    "index": 60
  },
  {
    "name": "Require(52) node_modules/egg-schedule/app.js",
    "start": 1577438416325,
    "end": 1577438416326,
    "duration": 1,
    "pid": 7847,
    "index": 61
  },
  {
    "name": "Require(53) node_modules/egg-multipart/app.js",
    "start": 1577438416326,
    "end": 1577438416328,
    "duration": 2,
    "pid": 7847,
    "index": 62
  },
  {
    "name": "Require(54) node_modules/egg-development/app.js",
    "start": 1577438416328,
    "end": 1577438416328,
    "duration": 0,
    "pid": 7847,
    "index": 63
  },
  {
    "name": "Require(55) node_modules/egg-logrotator/app.js",
    "start": 1577438416328,
    "end": 1577438416328,
    "duration": 0,
    "pid": 7847,
    "index": 64
  },
  {
    "name": "Require(56) node_modules/egg-static/app.js",
    "start": 1577438416329,
    "end": 1577438416329,
    "duration": 0,
    "pid": 7847,
    "index": 65
  },
  {
    "name": "Require(57) node_modules/@switchdog/egg-graphql/app.js",
    "start": 1577438416329,
    "end": 1577438416329,
    "duration": 0,
    "pid": 7847,
    "index": 66
  },
  {
    "name": "Require(58) node_modules/egg-sequelize/app.js",
    "start": 1577438416330,
    "end": 1577438416330,
    "duration": 0,
    "pid": 7847,
    "index": 67
  },
  {
    "name": "Require(59) node_modules/egg-cors/app.js",
    "start": 1577438416330,
    "end": 1577438416330,
    "duration": 0,
    "pid": 7847,
    "index": 68
  },
  {
    "name": "Require(60) node_modules/egg-redis/app.js",
    "start": 1577438416330,
    "end": 1577438416332,
    "duration": 2,
    "pid": 7847,
    "index": 69
  },
  {
    "name": "Require(61) node_modules/egg-view-ejs/app.js",
    "start": 1577438416333,
    "end": 1577438416333,
    "duration": 0,
    "pid": 7847,
    "index": 70
  },
  {
    "name": "Require(62) node_modules/egg-socket.io/app.js",
    "start": 1577438416333,
    "end": 1577438416384,
    "duration": 51,
    "pid": 7847,
    "index": 71
  },
  {
    "name": "Require(63) app.ts",
    "start": 1577438416385,
    "end": 1577438416386,
    "duration": 1,
    "pid": 7847,
    "index": 72
  },
  {
    "name": "Before Start in node_modules/egg-watcher/lib/init.js:15:14",
    "start": 1577438416410,
    "end": 1577438420473,
    "duration": 4063,
    "pid": 7847,
    "index": 73
  },
  {
    "name": "Loader Graphql",
    "start": 1577438416580,
    "end": 1577438416628,
    "duration": 48,
    "pid": 7847,
    "index": 74
  },
  {
    "name": "Load \"Symbol(model)\" to Application",
    "start": 1577438416922,
    "end": 1577438416944,
    "duration": 22,
    "pid": 7847,
    "index": 75
  },
  {
    "name": "Before Start in node_modules/egg-sequelize/lib/loader.js:39:7",
    "start": 1577438416947,
    "end": 1577438420489,
    "duration": 3542,
    "pid": 7847,
    "index": 76
  },
  {
    "name": "Before Start in node_modules/egg-redis/lib/redis.js:53:7",
    "start": 1577438416981,
    "end": 1577438420458,
    "duration": 3477,
    "pid": 7847,
    "index": 77
  },
  {
    "name": "Load Controller",
    "start": 1577438416997,
    "end": 1577438417769,
    "duration": 772,
    "pid": 7847,
    "index": 78
  },
  {
    "name": "Load \"controller\" to Application",
    "start": 1577438416997,
    "end": 1577438417769,
    "duration": 772,
    "pid": 7847,
    "index": 79
  },
  {
    "name": "Before Start in node_modules/egg-socket.io/lib/io.js:26:7",
    "start": 1577438417007,
    "end": 1577438420439,
    "duration": 3432,
    "pid": 7847,
    "index": 80
  },
  {
    "name": "Load Service",
    "start": 1577438417010,
    "end": 1577438417532,
    "duration": 522,
    "pid": 7847,
    "index": 81
  },
  {
    "name": "Load \"service\" to Context",
    "start": 1577438417010,
    "end": 1577438417532,
    "duration": 522,
    "pid": 7847,
    "index": 82
  },
  {
    "name": "Load Middleware",
    "start": 1577438417532,
    "end": 1577438417769,
    "duration": 237,
    "pid": 7847,
    "index": 83
  },
  {
    "name": "Load \"middlewares\" to Application",
    "start": 1577438417532,
    "end": 1577438417723,
    "duration": 191,
    "pid": 7847,
    "index": 84
  },
  {
    "name": "Load Controller",
    "start": 1577438417769,
    "end": 1577438420411,
    "duration": 2642,
    "pid": 7847,
    "index": 85
  },
  {
    "name": "Load \"controller\" to Application",
    "start": 1577438417769,
    "end": 1577438420411,
    "duration": 2642,
    "pid": 7847,
    "index": 86
  },
  {
    "name": "Load Router",
    "start": 1577438420411,
    "end": 1577438420414,
    "duration": 3,
    "pid": 7847,
    "index": 87
  },
  {
    "name": "Require(64) app/router.ts",
    "start": 1577438420412,
    "end": 1577438420412,
    "duration": 0,
    "pid": 7847,
    "index": 88
  },
  {
    "name": "Before Start in node_modules/egg-core/lib/egg.js:303:10",
    "start": 1577438420413,
    "end": 1577438420439,
    "duration": 26,
    "pid": 7847,
    "index": 89
  }
]