{
  "keys": "/mnt/d/egg-example/config/config.default.ts",
  "oauth": {
    "match": "/mnt/d/egg-example/config/config.default.ts"
  },
  "middleware": "/mnt/d/egg-example/config/config.default.ts",
  "graphql": {
    "router": "/mnt/d/egg-example/config/config.default.ts",
    "app": "/mnt/d/egg-example/config/config.default.ts",
    "agent": "/mnt/d/egg-example/config/config.default.ts",
    "graphiql": "/mnt/d/egg-example/config/config.default.ts",
    "defaultTypeDefsEnabled": "/mnt/d/egg-example/config/config.default.ts",
    "apolloServerOptions": {
      "tracing": "/mnt/d/egg-example/config/config.default.ts",
      "debug": "/mnt/d/egg-example/config/config.default.ts",
      "formatError": "/mnt/d/egg-example/config/config.default.ts",
      "formatResponse": "/mnt/d/egg-example/config/config.default.ts"
    }
  },
  "sequelize": {
    "dialect": "/mnt/d/egg-example/config/config.default.ts",
    "host": "/mnt/d/egg-example/config/config.default.ts",
    "port": "/mnt/d/egg-example/config/config.default.ts",
    "database": "/mnt/d/egg-example/config/config.default.ts",
    "define": {
      "freezeTableName": "/mnt/d/egg-example/config/config.default.ts",
      "underscored": "/mnt/d/egg-example/config/config.default.ts",
      "timestamps": "/mnt/d/egg-example/config/config.default.ts"
    },
    "username": "/mnt/d/egg-example/node_modules/egg-sequelize/config/config.default.js",
    "password": "/mnt/d/egg-example/node_modules/egg-sequelize/config/config.default.js"
  },
  "redis": {
    "client": {
      "port": "/mnt/d/egg-example/config/config.default.ts",
      "host": "/mnt/d/egg-example/config/config.default.ts",
      "password": "/mnt/d/egg-example/config/config.default.ts",
      "db": "/mnt/d/egg-example/config/config.default.ts"
    },
    "default": "/mnt/d/egg-example/node_modules/egg-redis/config/config.default.js",
    "app": "/mnt/d/egg-example/node_modules/egg-redis/config/config.default.js",
    "agent": "/mnt/d/egg-example/node_modules/egg-redis/config/config.default.js",
    "supportTimeCommand": "/mnt/d/egg-example/node_modules/egg-redis/config/config.default.js"
  },
  "io": {
    "init": "/mnt/d/egg-example/config/config.default.ts",
    "namespace": {
      "/": {
        "connectionMiddleware": "/mnt/d/egg-example/config/config.default.ts",
        "packetMiddleware": "/mnt/d/egg-example/config/config.default.ts"
      },
      "/example": {
        "connectionMiddleware": "/mnt/d/egg-example/config/config.default.ts",
        "packetMiddleware": "/mnt/d/egg-example/config/config.default.ts"
      }
    },
    "redis": {
      "host": "/mnt/d/egg-example/config/config.default.ts",
      "port": "/mnt/d/egg-example/config/config.default.ts",
      "auth_pass": "/mnt/d/egg-example/config/config.default.ts",
      "db": "/mnt/d/egg-example/config/config.default.ts"
    }
  },
  "cors": {
    "origin": "/mnt/d/egg-example/config/config.default.ts",
    "allowMethods": "/mnt/d/egg-example/config/config.default.ts"
  },
  "security": {
    "csrf": {
      "ignore": "/mnt/d/egg-example/config/config.default.ts",
      "enable": "/mnt/d/egg-example/node_modules/egg-security/config/config.default.js",
      "type": "/mnt/d/egg-example/node_modules/egg-security/config/config.default.js",
      "ignoreJSON": "/mnt/d/egg-example/node_modules/egg-security/config/config.default.js",
      "useSession": "/mnt/d/egg-example/node_modules/egg-security/config/config.default.js",
      "cookieName": "/mnt/d/egg-example/node_modules/egg-security/config/config.default.js",
      "sessionName": "/mnt/d/egg-example/node_modules/egg-security/config/config.default.js",
      "headerName": "/mnt/d/egg-example/node_modules/egg-security/config/config.default.js",
      "bodyName": "/mnt/d/egg-example/node_modules/egg-security/config/config.default.js",
      "queryName": "/mnt/d/egg-example/node_modules/egg-security/config/config.default.js",
      "refererWhiteList": "/mnt/d/egg-example/node_modules/egg-security/config/config.default.js"
    },
    "domainWhiteList": "/mnt/d/egg-example/node_modules/egg-security/config/config.default.js",
    "protocolWhiteList": "/mnt/d/egg-example/node_modules/egg-security/config/config.default.js",
    "defaultMiddleware": "/mnt/d/egg-example/node_modules/egg-security/config/config.default.js",
    "xframe": {
      "enable": "/mnt/d/egg-example/node_modules/egg-security/config/config.default.js",
      "value": "/mnt/d/egg-example/node_modules/egg-security/config/config.default.js"
    },
    "hsts": {
      "enable": "/mnt/d/egg-example/node_modules/egg-security/config/config.local.js",
      "maxAge": "/mnt/d/egg-example/node_modules/egg-security/config/config.default.js",
      "includeSubdomains": "/mnt/d/egg-example/node_modules/egg-security/config/config.default.js"
    },
    "dta": {
      "enable": "/mnt/d/egg-example/node_modules/egg-security/config/config.default.js"
    },
    "methodnoallow": {
      "enable": "/mnt/d/egg-example/node_modules/egg-security/config/config.default.js"
    },
    "noopen": {
      "enable": "/mnt/d/egg-example/node_modules/egg-security/config/config.default.js"
    },
    "nosniff": {
      "enable": "/mnt/d/egg-example/node_modules/egg-security/config/config.default.js"
    },
    "referrerPolicy": {
      "enable": "/mnt/d/egg-example/node_modules/egg-security/config/config.default.js",
      "value": "/mnt/d/egg-example/node_modules/egg-security/config/config.default.js"
    },
    "xssProtection": {
      "enable": "/mnt/d/egg-example/node_modules/egg-security/config/config.default.js",
      "value": "/mnt/d/egg-example/node_modules/egg-security/config/config.default.js"
    },
    "csp": {
      "enable": "/mnt/d/egg-example/node_modules/egg-security/config/config.default.js",
      "policy": "/mnt/d/egg-example/node_modules/egg-security/config/config.default.js"
    },
    "ssrf": {
      "ipBlackList": "/mnt/d/egg-example/node_modules/egg-security/config/config.default.js",
      "checkAddress": "/mnt/d/egg-example/node_modules/egg-security/config/config.default.js"
    }
  },
  "bodyParser": {
    "enable": "/mnt/d/egg-example/config/config.default.ts",
    "jsonLimit": "/mnt/d/egg-example/config/config.default.ts",
    "encoding": "/mnt/d/egg-example/node_modules/egg/config/config.default.js",
    "formLimit": "/mnt/d/egg-example/node_modules/egg/config/config.default.js",
    "textLimit": "/mnt/d/egg-example/node_modules/egg/config/config.default.js",
    "strict": "/mnt/d/egg-example/node_modules/egg/config/config.default.js",
    "queryString": {
      "arrayLimit": "/mnt/d/egg-example/node_modules/egg/config/config.default.js",
      "depth": "/mnt/d/egg-example/node_modules/egg/config/config.default.js",
      "parameterLimit": "/mnt/d/egg-example/node_modules/egg/config/config.default.js"
    },
    "onerror": "/mnt/d/egg-example/node_modules/egg/config/config.default.js"
  },
  "github": {
    "login_url": "/mnt/d/egg-example/config/config.default.ts",
    "client_id": "/mnt/d/egg-example/config/config.default.ts",
    "client_secret": "/mnt/d/egg-example/config/config.default.ts",
    "scope": "/mnt/d/egg-example/config/config.default.ts"
  },
  "aliyun": {
    "accessKeyId": "/mnt/d/egg-example/config/config.default.ts",
    "accessKeySecret": "/mnt/d/egg-example/config/config.default.ts",
    "endpoint": "/mnt/d/egg-example/config/config.default.ts",
    "apiVersion": "/mnt/d/egg-example/config/config.default.ts",
    "sendSms": {
      "RegionId": "/mnt/d/egg-example/config/config.default.ts",
      "SignName": "/mnt/d/egg-example/config/config.default.ts",
      "TemplateCode": "/mnt/d/egg-example/config/config.default.ts"
    }
  },
  "qiniu": {
    "AccessKey": "/mnt/d/egg-example/config/config.default.ts",
    "SecretKey": "/mnt/d/egg-example/config/config.default.ts",
    "Bucket": "/mnt/d/egg-example/config/config.default.ts",
    "Domain": "/mnt/d/egg-example/config/config.default.ts"
  },
  "alipay": {
    "appId": "/mnt/d/egg-example/config/config.default.ts",
    "privateKey": "/mnt/d/egg-example/config/config.default.ts",
    "alipayPublicKey": "/mnt/d/egg-example/config/config.default.ts",
    "gateway": "/mnt/d/egg-example/config/config.default.ts",
    "return_url": "/mnt/d/egg-example/config/config.default.ts",
    "notify_url": "/mnt/d/egg-example/config/config.default.ts"
  },
  "mail": {
    "host": "/mnt/d/egg-example/config/config.default.ts",
    "port": "/mnt/d/egg-example/config/config.default.ts",
    "auth": {
      "user": "/mnt/d/egg-example/config/config.default.ts",
      "pass": "/mnt/d/egg-example/config/config.default.ts"
    }
  },
  "view": {
    "mapping": {
      ".html": "/mnt/d/egg-example/config/config.default.ts"
    },
    "root": "/mnt/d/egg-example/node_modules/egg-view/config/config.default.js",
    "cache": "/mnt/d/egg-example/node_modules/egg-view/config/config.local.js",
    "defaultExtension": "/mnt/d/egg-example/node_modules/egg-view/config/config.default.js",
    "defaultViewEngine": "/mnt/d/egg-example/node_modules/egg-view/config/config.default.js"
  },
  "sourceUrl": "/mnt/d/egg-example/config/config.default.ts",
  "session": {
    "maxAge": "/mnt/d/egg-example/node_modules/egg-session/config/config.default.js",
    "key": "/mnt/d/egg-example/node_modules/egg-session/config/config.default.js",
    "httpOnly": "/mnt/d/egg-example/node_modules/egg-session/config/config.default.js",
    "encrypt": "/mnt/d/egg-example/node_modules/egg-session/config/config.default.js"
  },
  "helper": {
    "shtml": "/mnt/d/egg-example/node_modules/egg-security/config/config.default.js"
  },
  "jsonp": {
    "limit": "/mnt/d/egg-example/node_modules/egg-jsonp/config/config.default.js",
    "callback": "/mnt/d/egg-example/node_modules/egg-jsonp/config/config.default.js",
    "csrf": "/mnt/d/egg-example/node_modules/egg-jsonp/config/config.default.js"
  },
  "onerror": {
    "errorPageUrl": "/mnt/d/egg-example/node_modules/egg-onerror/config/config.default.js",
    "appErrorFilter": "/mnt/d/egg-example/node_modules/egg-onerror/config/config.default.js",
    "templatePath": "/mnt/d/egg-example/node_modules/egg-onerror/config/config.default.js"
  },
  "i18n": {
    "defaultLocale": "/mnt/d/egg-example/node_modules/egg-i18n/config/config.default.js",
    "dirs": "/mnt/d/egg-example/node_modules/egg-i18n/config/config.default.js",
    "queryField": "/mnt/d/egg-example/node_modules/egg-i18n/config/config.default.js",
    "cookieField": "/mnt/d/egg-example/node_modules/egg-i18n/config/config.default.js",
    "cookieDomain": "/mnt/d/egg-example/node_modules/egg-i18n/config/config.default.js",
    "cookieMaxAge": "/mnt/d/egg-example/node_modules/egg-i18n/config/config.default.js"
  },
  "watcher": {
    "type": "/mnt/d/egg-example/node_modules/egg-watcher/config/config.local.js",
    "eventSources": {
      "default": "/mnt/d/egg-example/node_modules/egg-watcher/config/config.default.js",
      "development": "/mnt/d/egg-example/node_modules/egg-watcher/config/config.default.js"
    }
  },
  "customLogger": {
    "scheduleLogger": {
      "consoleLevel": "/mnt/d/egg-example/node_modules/egg-schedule/config/config.default.js",
      "file": "/mnt/d/egg-example/node_modules/egg-schedule/config/config.default.js"
    }
  },
  "schedule": {
    "directory": "/mnt/d/egg-example/node_modules/egg-schedule/config/config.default.js"
  },
  "multipart": {
    "mode": "/mnt/d/egg-example/node_modules/egg-multipart/config/config.default.js",
    "autoFields": "/mnt/d/egg-example/node_modules/egg-multipart/config/config.default.js",
    "defaultCharset": "/mnt/d/egg-example/node_modules/egg-multipart/config/config.default.js",
    "fieldNameSize": "/mnt/d/egg-example/node_modules/egg-multipart/config/config.default.js",
    "fieldSize": "/mnt/d/egg-example/node_modules/egg-multipart/config/config.default.js",
    "fields": "/mnt/d/egg-example/node_modules/egg-multipart/config/config.default.js",
    "fileSize": "/mnt/d/egg-example/node_modules/egg-multipart/config/config.default.js",
    "files": "/mnt/d/egg-example/node_modules/egg-multipart/config/config.default.js",
    "fileExtensions": "/mnt/d/egg-example/node_modules/egg-multipart/config/config.default.js",
    "whitelist": "/mnt/d/egg-example/node_modules/egg-multipart/config/config.default.js",
    "tmpdir": "/mnt/d/egg-example/node_modules/egg-multipart/config/config.default.js",
    "cleanSchedule": {
      "cron": "/mnt/d/egg-example/node_modules/egg-multipart/config/config.default.js"
    }
  },
  "development": {
    "watchDirs": "/mnt/d/egg-example/node_modules/egg-development/config/config.default.js",
    "ignoreDirs": "/mnt/d/egg-example/node_modules/egg-development/config/config.default.js",
    "fastReady": "/mnt/d/egg-example/node_modules/egg-development/config/config.default.js",
    "reloadOnDebug": "/mnt/d/egg-example/node_modules/egg-development/config/config.default.js",
    "overrideDefault": "/mnt/d/egg-example/node_modules/egg-development/config/config.default.js"
  },
  "logrotator": {
    "filesRotateByHour": "/mnt/d/egg-example/node_modules/egg-logrotator/config/config.default.js",
    "hourDelimiter": "/mnt/d/egg-example/node_modules/egg-logrotator/config/config.default.js",
    "filesRotateBySize": "/mnt/d/egg-example/node_modules/egg-logrotator/config/config.default.js",
    "maxFileSize": "/mnt/d/egg-example/node_modules/egg-logrotator/config/config.default.js",
    "maxFiles": "/mnt/d/egg-example/node_modules/egg-logrotator/config/config.default.js",
    "rotateDuration": "/mnt/d/egg-example/node_modules/egg-logrotator/config/config.default.js",
    "maxDays": "/mnt/d/egg-example/node_modules/egg-logrotator/config/config.default.js"
  },
  "static": {
    "prefix": "/mnt/d/egg-example/node_modules/egg-static/config/config.default.js",
    "dir": "/mnt/d/egg-example/node_modules/egg-static/config/config.default.js",
    "dynamic": "/mnt/d/egg-example/node_modules/egg-static/config/config.default.js",
    "preload": "/mnt/d/egg-example/node_modules/egg-static/config/config.default.js",
    "buffer": "/mnt/d/egg-example/node_modules/egg-static/config/config.default.js",
    "maxFiles": "/mnt/d/egg-example/node_modules/egg-static/config/config.default.js"
  },
  "ejs": {
    "root": "/mnt/d/egg-example/node_modules/egg-view-ejs/config/config.default.js",
    "cache": "/mnt/d/egg-example/node_modules/egg-view-ejs/config/config.local.js",
    "debug": "/mnt/d/egg-example/node_modules/egg-view-ejs/config/config.default.js",
    "compileDebug": "/mnt/d/egg-example/node_modules/egg-view-ejs/config/config.default.js",
    "delimiter": "/mnt/d/egg-example/node_modules/egg-view-ejs/config/config.default.js",
    "strict": "/mnt/d/egg-example/node_modules/egg-view-ejs/config/config.default.js"
  },
  "env": "/mnt/d/egg-example/node_modules/egg/config/config.default.js",
  "name": "/mnt/d/egg-example/node_modules/egg/config/config.default.js",
  "proxy": "/mnt/d/egg-example/node_modules/egg/config/config.default.js",
  "maxIpsCount": "/mnt/d/egg-example/node_modules/egg/config/config.default.js",
  "maxProxyCount": "/mnt/d/egg-example/node_modules/egg/config/config.default.js",
  "protocolHeaders": "/mnt/d/egg-example/node_modules/egg/config/config.default.js",
  "ipHeaders": "/mnt/d/egg-example/node_modules/egg/config/config.default.js",
  "hostHeaders": "/mnt/d/egg-example/node_modules/egg/config/config.default.js",
  "pkg": {
    "name": "/mnt/d/egg-example/node_modules/egg/config/config.default.js",
    "version": "/mnt/d/egg-example/node_modules/egg/config/config.default.js",
    "description": "/mnt/d/egg-example/node_modules/egg/config/config.default.js",
    "private": "/mnt/d/egg-example/node_modules/egg/config/config.default.js",
    "egg": {
      "typescript": "/mnt/d/egg-example/node_modules/egg/config/config.default.js",
      "declarations": "/mnt/d/egg-example/node_modules/egg/config/config.default.js"
    },
    "scripts": {
      "start": "/mnt/d/egg-example/node_modules/egg/config/config.default.js",
      "stop": "/mnt/d/egg-example/node_modules/egg/config/config.default.js",
      "dev": "/mnt/d/egg-example/node_modules/egg/config/config.default.js",
      "debug": "/mnt/d/egg-example/node_modules/egg/config/config.default.js",
      "test-local": "/mnt/d/egg-example/node_modules/egg/config/config.default.js",
      "test": "/mnt/d/egg-example/node_modules/egg/config/config.default.js",
      "cov": "/mnt/d/egg-example/node_modules/egg/config/config.default.js",
      "tsc": "/mnt/d/egg-example/node_modules/egg/config/config.default.js",
      "ci": "/mnt/d/egg-example/node_modules/egg/config/config.default.js",
      "autod": "/mnt/d/egg-example/node_modules/egg/config/config.default.js",
      "lint": "/mnt/d/egg-example/node_modules/egg/config/config.default.js",
      "clean": "/mnt/d/egg-example/node_modules/egg/config/config.default.js",
      "db:model": "/mnt/d/egg-example/node_modules/egg/config/config.default.js",
      "db:init": "/mnt/d/egg-example/node_modules/egg/config/config.default.js",
      "db:up": "/mnt/d/egg-example/node_modules/egg/config/config.default.js",
      "db:down": "/mnt/d/egg-example/node_modules/egg/config/config.default.js",
      "db:down-all": "/mnt/d/egg-example/node_modules/egg/config/config.default.js"
    },
    "dependencies": {
      "@alicloud/pop-core": "/mnt/d/egg-example/node_modules/egg/config/config.default.js",
      "@switchdog/egg-graphql": "/mnt/d/egg-example/node_modules/egg/config/config.default.js",
      "alipay-sdk": "/mnt/d/egg-example/node_modules/egg/config/config.default.js",
      "dataloader": "/mnt/d/egg-example/node_modules/egg/config/config.default.js",
      "dayjs": "/mnt/d/egg-example/node_modules/egg/config/config.default.js",
      "egg": "/mnt/d/egg-example/node_modules/egg/config/config.default.js",
      "egg-cors": "/mnt/d/egg-example/node_modules/egg/config/config.default.js",
      "egg-redis": "/mnt/d/egg-example/node_modules/egg/config/config.default.js",
      "egg-scripts": "/mnt/d/egg-example/node_modules/egg/config/config.default.js",
      "egg-sequelize": "/mnt/d/egg-example/node_modules/egg/config/config.default.js",
      "egg-socket.io": "/mnt/d/egg-example/node_modules/egg/config/config.default.js",
      "egg-view-ejs": "/mnt/d/egg-example/node_modules/egg/config/config.default.js",
      "graphql-upload": "/mnt/d/egg-example/node_modules/egg/config/config.default.js",
      "jsonwebtoken": "/mnt/d/egg-example/node_modules/egg/config/config.default.js",
      "koa-json-error": "/mnt/d/egg-example/node_modules/egg/config/config.default.js",
      "lodash": "/mnt/d/egg-example/node_modules/egg/config/config.default.js",
      "mysql2": "/mnt/d/egg-example/node_modules/egg/config/config.default.js",
      "nodemailer": "/mnt/d/egg-example/node_modules/egg/config/config.default.js",
      "qiniu": "/mnt/d/egg-example/node_modules/egg/config/config.default.js",
      "uuid": "/mnt/d/egg-example/node_modules/egg/config/config.default.js"
    },
    "devDependencies": {
      "@types/mocha": "/mnt/d/egg-example/node_modules/egg/config/config.default.js",
      "@types/node": "/mnt/d/egg-example/node_modules/egg/config/config.default.js",
      "@types/supertest": "/mnt/d/egg-example/node_modules/egg/config/config.default.js",
      "@types/uuid": "/mnt/d/egg-example/node_modules/egg/config/config.default.js",
      "autod": "/mnt/d/egg-example/node_modules/egg/config/config.default.js",
      "autod-egg": "/mnt/d/egg-example/node_modules/egg/config/config.default.js",
      "egg-bin": "/mnt/d/egg-example/node_modules/egg/config/config.default.js",
      "egg-ci": "/mnt/d/egg-example/node_modules/egg/config/config.default.js",
      "egg-mock": "/mnt/d/egg-example/node_modules/egg/config/config.default.js",
      "egg-sequelize-auto": "/mnt/d/egg-example/node_modules/egg/config/config.default.js",
      "egg-ts-helper": "/mnt/d/egg-example/node_modules/egg/config/config.default.js",
      "sequelize-cli": "/mnt/d/egg-example/node_modules/egg/config/config.default.js",
      "tslib": "/mnt/d/egg-example/node_modules/egg/config/config.default.js",
      "tslint": "/mnt/d/egg-example/node_modules/egg/config/config.default.js",
      "tslint-config-egg": "/mnt/d/egg-example/node_modules/egg/config/config.default.js",
      "typescript": "/mnt/d/egg-example/node_modules/egg/config/config.default.js"
    },
    "engines": {
      "node": "/mnt/d/egg-example/node_modules/egg/config/config.default.js"
    },
    "ci": {
      "version": "/mnt/d/egg-example/node_modules/egg/config/config.default.js"
    },
    "repository": {
      "type": "/mnt/d/egg-example/node_modules/egg/config/config.default.js",
      "url": "/mnt/d/egg-example/node_modules/egg/config/config.default.js"
    },
    "eslintIgnore": "/mnt/d/egg-example/node_modules/egg/config/config.default.js",
    "author": "/mnt/d/egg-example/node_modules/egg/config/config.default.js",
    "license": "/mnt/d/egg-example/node_modules/egg/config/config.default.js"
  },
  "baseDir": "/mnt/d/egg-example/node_modules/egg/config/config.default.js",
  "HOME": "/mnt/d/egg-example/node_modules/egg/config/config.default.js",
  "rundir": "/mnt/d/egg-example/node_modules/egg/config/config.default.js",
  "dump": {
    "ignore": "/mnt/d/egg-example/node_modules/egg/config/config.default.js"
  },
  "confusedConfigurations": {
    "bodyparser": "/mnt/d/egg-example/node_modules/egg/config/config.default.js",
    "notFound": "/mnt/d/egg-example/node_modules/egg/config/config.default.js",
    "sitefile": "/mnt/d/egg-example/node_modules/egg/config/config.default.js",
    "middlewares": "/mnt/d/egg-example/node_modules/egg/config/config.default.js",
    "httpClient": "/mnt/d/egg-example/node_modules/egg/config/config.default.js"
  },
  "notfound": {
    "pageUrl": "/mnt/d/egg-example/node_modules/egg/config/config.default.js"
  },
  "siteFile": {
    "/favicon.ico": "/mnt/d/egg-example/node_modules/egg/config/config.default.js"
  },
  "logger": {
    "dir": "/mnt/d/egg-example/node_modules/egg/config/config.default.js",
    "encoding": "/mnt/d/egg-example/node_modules/egg/config/config.default.js",
    "env": "/mnt/d/egg-example/node_modules/egg/config/config.default.js",
    "level": "/mnt/d/egg-example/node_modules/egg/config/config.default.js",
    "consoleLevel": "/mnt/d/egg-example/node_modules/egg/config/config.default.js",
    "disableConsoleAfterReady": "/mnt/d/egg-example/node_modules/egg/config/config.default.js",
    "outputJSON": "/mnt/d/egg-example/node_modules/egg/config/config.default.js",
    "buffer": "/mnt/d/egg-example/node_modules/egg/config/config.default.js",
    "appLogName": "/mnt/d/egg-example/node_modules/egg/config/config.default.js",
    "coreLogName": "/mnt/d/egg-example/node_modules/egg/config/config.default.js",
    "agentLogName": "/mnt/d/egg-example/node_modules/egg/config/config.default.js",
    "errorLogName": "/mnt/d/egg-example/node_modules/egg/config/config.default.js",
    "coreLogger": {
      "consoleLevel": "/mnt/d/egg-example/node_modules/egg/config/config.local.js"
    },
    "allowDebugAtProd": "/mnt/d/egg-example/node_modules/egg/config/config.default.js"
  },
  "httpclient": {
    "enableDNSCache": "/mnt/d/egg-example/node_modules/egg/config/config.default.js",
    "dnsCacheLookupInterval": "/mnt/d/egg-example/node_modules/egg/config/config.default.js",
    "dnsCacheMaxLength": "/mnt/d/egg-example/node_modules/egg/config/config.default.js",
    "request": {
      "timeout": "/mnt/d/egg-example/node_modules/egg/config/config.default.js"
    },
    "httpAgent": {
      "keepAlive": "/mnt/d/egg-example/node_modules/egg/config/config.default.js",
      "freeSocketTimeout": "/mnt/d/egg-example/node_modules/egg/config/config.default.js",
      "maxSockets": "/mnt/d/egg-example/node_modules/egg/config/config.default.js",
      "maxFreeSockets": "/mnt/d/egg-example/node_modules/egg/config/config.default.js"
    },
    "httpsAgent": {
      "keepAlive": "/mnt/d/egg-example/node_modules/egg/config/config.default.js",
      "freeSocketTimeout": "/mnt/d/egg-example/node_modules/egg/config/config.default.js",
      "maxSockets": "/mnt/d/egg-example/node_modules/egg/config/config.default.js",
      "maxFreeSockets": "/mnt/d/egg-example/node_modules/egg/config/config.default.js"
    }
  },
  "meta": {
    "enable": "/mnt/d/egg-example/node_modules/egg/config/config.default.js",
    "logging": "/mnt/d/egg-example/node_modules/egg/config/config.default.js"
  },
  "coreMiddleware": "/mnt/d/egg-example/node_modules/egg/config/config.default.js",
  "workerStartTimeout": "/mnt/d/egg-example/node_modules/egg/config/config.default.js",
  "serverTimeout": "/mnt/d/egg-example/node_modules/egg/config/config.default.js",
  "cluster": {
    "listen": {
      "path": "/mnt/d/egg-example/node_modules/egg/config/config.default.js",
      "port": "/mnt/d/egg-example/node_modules/egg/config/config.default.js",
      "hostname": "/mnt/d/egg-example/node_modules/egg/config/config.default.js"
    }
  },
  "clusterClient": {
    "maxWaitTime": "/mnt/d/egg-example/node_modules/egg/config/config.default.js",
    "responseTimeout": "/mnt/d/egg-example/node_modules/egg/config/config.default.js"
  },
  "onClientError": "/mnt/d/egg-example/node_modules/egg/config/config.default.js"
}