[
  {
    "name": "Application Start",
    "start": 1577438188833,
    "end": 1577438193807,
    "duration": 4974,
    "pid": 7693,
    "index": 0
  },
  {
    "name": "Load Plugin",
    "start": 1577438188839,
    "end": 1577438188855,
    "duration": 16,
    "pid": 7693,
    "index": 1
  },
  {
    "name": "Load Config",
    "start": 1577438188855,
    "end": 1577438188879,
    "duration": 24,
    "pid": 7693,
    "index": 2
  },
  {
    "name": "Require(0) config/config.default.ts",
    "start": 1577438188856,
    "end": 1577438188858,
    "duration": 2,
    "pid": 7693,
    "index": 3
  },
  {
    "name": "Require(1) config/config.local.ts",
    "start": 1577438188861,
    "end": 1577438188862,
    "duration": 1,
    "pid": 7693,
    "index": 4
  },
  {
    "name": "Require(2) node_modules/egg-session/config/config.default.js",
    "start": 1577438188863,
    "end": 1577438188865,
    "duration": 2,
    "pid": 7693,
    "index": 5
  },
  {
    "name": "Require(3) node_modules/egg-security/config/config.default.js",
    "start": 1577438188865,
    "end": 1577438188865,
    "duration": 0,
    "pid": 7693,
    "index": 6
  },
  {
    "name": "Require(4) node_modules/egg-jsonp/config/config.default.js",
    "start": 1577438188866,
    "end": 1577438188866,
    "duration": 0,
    "pid": 7693,
    "index": 7
  },
  {
    "name": "Require(5) node_modules/egg-onerror/config/config.default.js",
    "start": 1577438188866,
    "end": 1577438188866,
    "duration": 0,
    "pid": 7693,
    "index": 8
  },
  {
    "name": "Require(6) node_modules/egg-i18n/config/config.default.js",
    "start": 1577438188867,
    "end": 1577438188867,
    "duration": 0,
    "pid": 7693,
    "index": 9
  },
  {
    "name": "Require(7) node_modules/egg-watcher/config/config.default.js",
    "start": 1577438188867,
    "end": 1577438188868,
    "duration": 1,
    "pid": 7693,
    "index": 10
  },
  {
    "name": "Require(8) node_modules/egg-schedule/config/config.default.js",
    "start": 1577438188868,
    "end": 1577438188868,
    "duration": 0,
    "pid": 7693,
    "index": 11
  },
  {
    "name": "Require(9) node_modules/egg-multipart/config/config.default.js",
    "start": 1577438188868,
    "end": 1577438188869,
    "duration": 1,
    "pid": 7693,
    "index": 12
  },
  {
    "name": "Require(10) node_modules/egg-development/config/config.default.js",
    "start": 1577438188869,
    "end": 1577438188869,
    "duration": 0,
    "pid": 7693,
    "index": 13
  },
  {
    "name": "Require(11) node_modules/egg-logrotator/config/config.default.js",
    "start": 1577438188869,
    "end": 1577438188869,
    "duration": 0,
    "pid": 7693,
    "index": 14
  },
  {
    "name": "Require(12) node_modules/egg-static/config/config.default.js",
    "start": 1577438188870,
    "end": 1577438188870,
    "duration": 0,
    "pid": 7693,
    "index": 15
  },
  {
    "name": "Require(13) node_modules/egg-view/config/config.default.js",
    "start": 1577438188870,
    "end": 1577438188870,
    "duration": 0,
    "pid": 7693,
    "index": 16
  },
  {
    "name": "Require(14) node_modules/@switchdog/egg-graphql/config/config.default.js",
    "start": 1577438188871,
    "end": 1577438188871,
    "duration": 0,
    "pid": 7693,
    "index": 17
  },
  {
    "name": "Require(15) node_modules/egg-sequelize/config/config.default.js",
    "start": 1577438188871,
    "end": 1577438188871,
    "duration": 0,
    "pid": 7693,
    "index": 18
  },
  {
    "name": "Require(16) node_modules/egg-cors/config/config.default.js",
    "start": 1577438188871,
    "end": 1577438188872,
    "duration": 1,
    "pid": 7693,
    "index": 19
  },
  {
    "name": "Require(17) node_modules/egg-redis/config/config.default.js",
    "start": 1577438188872,
    "end": 1577438188872,
    "duration": 0,
    "pid": 7693,
    "index": 20
  },
  {
    "name": "Require(18) node_modules/egg-view-ejs/config/config.default.js",
    "start": 1577438188872,
    "end": 1577438188872,
    "duration": 0,
    "pid": 7693,
    "index": 21
  },
  {
    "name": "Require(19) node_modules/egg-socket.io/config/config.default.js",
    "start": 1577438188872,
    "end": 1577438188873,
    "duration": 1,
    "pid": 7693,
    "index": 22
  },
  {
    "name": "Require(20) node_modules/egg/config/config.default.js",
    "start": 1577438188873,
    "end": 1577438188873,
    "duration": 0,
    "pid": 7693,
    "index": 23
  },
  {
    "name": "Require(21) config/config.default.ts",
    "start": 1577438188874,
    "end": 1577438188874,
    "duration": 0,
    "pid": 7693,
    "index": 24
  },
  {
    "name": "Require(22) node_modules/egg-security/config/config.local.js",
    "start": 1577438188876,
    "end": 1577438188876,
    "duration": 0,
    "pid": 7693,
    "index": 25
  },
  {
    "name": "Require(23) node_modules/egg-watcher/config/config.local.js",
    "start": 1577438188876,
    "end": 1577438188876,
    "duration": 0,
    "pid": 7693,
    "index": 26
  },
  {
    "name": "Require(24) node_modules/egg-view/config/config.local.js",
    "start": 1577438188877,
    "end": 1577438188877,
    "duration": 0,
    "pid": 7693,
    "index": 27
  },
  {
    "name": "Require(25) node_modules/egg-view-ejs/config/config.local.js",
    "start": 1577438188878,
    "end": 1577438188878,
    "duration": 0,
    "pid": 7693,
    "index": 28
  },
  {
    "name": "Require(26) node_modules/egg/config/config.local.js",
    "start": 1577438188878,
    "end": 1577438188878,
    "duration": 0,
    "pid": 7693,
    "index": 29
  },
  {
    "name": "Require(27) config/config.local.ts",
    "start": 1577438188878,
    "end": 1577438188878,
    "duration": 0,
    "pid": 7693,
    "index": 30
  },
  {
    "name": "Load extend/application.js",
    "start": 1577438188880,
    "end": 1577438188913,
    "duration": 33,
    "pid": 7693,
    "index": 31
  },
  {
    "name": "Require(28) node_modules/egg-session/app/extend/application.js",
    "start": 1577438188881,
    "end": 1577438188881,
    "duration": 0,
    "pid": 7693,
    "index": 32
  },
  {
    "name": "Require(29) node_modules/egg-security/app/extend/application.js",
    "start": 1577438188881,
    "end": 1577438188882,
    "duration": 1,
    "pid": 7693,
    "index": 33
  },
  {
    "name": "Require(30) node_modules/egg-jsonp/app/extend/application.js",
    "start": 1577438188882,
    "end": 1577438188883,
    "duration": 1,
    "pid": 7693,
    "index": 34
  },
  {
    "name": "Require(31) node_modules/egg-logrotator/app/extend/application.js",
    "start": 1577438188884,
    "end": 1577438188885,
    "duration": 1,
    "pid": 7693,
    "index": 35
  },
  {
    "name": "Require(32) node_modules/egg-view/app/extend/application.js",
    "start": 1577438188885,
    "end": 1577438188886,
    "duration": 1,
    "pid": 7693,
    "index": 36
  },
  {
    "name": "Require(33) node_modules/egg-socket.io/app/extend/application.js",
    "start": 1577438188886,
    "end": 1577438188912,
    "duration": 26,
    "pid": 7693,
    "index": 37
  },
  {
    "name": "Load extend/request.js",
    "start": 1577438188914,
    "end": 1577438188918,
    "duration": 4,
    "pid": 7693,
    "index": 38
  },
  {
    "name": "Require(34) node_modules/egg/app/extend/request.js",
    "start": 1577438188915,
    "end": 1577438188916,
    "duration": 1,
    "pid": 7693,
    "index": 39
  },
  {
    "name": "Load extend/response.js",
    "start": 1577438188918,
    "end": 1577438188924,
    "duration": 6,
    "pid": 7693,
    "index": 40
  },
  {
    "name": "Require(35) node_modules/egg/app/extend/response.js",
    "start": 1577438188921,
    "end": 1577438188922,
    "duration": 1,
    "pid": 7693,
    "index": 41
  },
  {
    "name": "Load extend/context.js",
    "start": 1577438188924,
    "end": 1577438188981,
    "duration": 57,
    "pid": 7693,
    "index": 42
  },
  {
    "name": "Require(36) node_modules/egg-security/app/extend/context.js",
    "start": 1577438188924,
    "end": 1577438188931,
    "duration": 7,
    "pid": 7693,
    "index": 43
  },
  {
    "name": "Require(37) node_modules/egg-jsonp/app/extend/context.js",
    "start": 1577438188931,
    "end": 1577438188932,
    "duration": 1,
    "pid": 7693,
    "index": 44
  },
  {
    "name": "Require(38) node_modules/egg-i18n/app/extend/context.js",
    "start": 1577438188932,
    "end": 1577438188932,
    "duration": 0,
    "pid": 7693,
    "index": 45
  },
  {
    "name": "Require(39) node_modules/egg-multipart/app/extend/context.js",
    "start": 1577438188933,
    "end": 1577438188974,
    "duration": 41,
    "pid": 7693,
    "index": 46
  },
  {
    "name": "Require(40) node_modules/egg-view/app/extend/context.js",
    "start": 1577438188975,
    "end": 1577438188975,
    "duration": 0,
    "pid": 7693,
    "index": 47
  },
  {
    "name": "Require(41) node_modules/@switchdog/egg-graphql/app/extend/context.js",
    "start": 1577438188976,
    "end": 1577438188976,
    "duration": 0,
    "pid": 7693,
    "index": 48
  },
  {
    "name": "Require(42) node_modules/egg/app/extend/context.js",
    "start": 1577438188977,
    "end": 1577438188978,
    "duration": 1,
    "pid": 7693,
    "index": 49
  },
  {
    "name": "Require(43) app/extend/context.ts",
    "start": 1577438188978,
    "end": 1577438188979,
    "duration": 1,
    "pid": 7693,
    "index": 50
  },
  {
    "name": "Load extend/helper.js",
    "start": 1577438188981,
    "end": 1577438189019,
    "duration": 38,
    "pid": 7693,
    "index": 51
  },
  {
    "name": "Require(44) node_modules/egg-security/app/extend/helper.js",
    "start": 1577438188981,
    "end": 1577438188991,
    "duration": 10,
    "pid": 7693,
    "index": 52
  },
  {
    "name": "Require(45) node_modules/egg/app/extend/helper.js",
    "start": 1577438188993,
    "end": 1577438188993,
    "duration": 0,
    "pid": 7693,
    "index": 53
  },
  {
    "name": "Require(46) app/extend/helper.ts",
    "start": 1577438188993,
    "end": 1577438189018,
    "duration": 25,
    "pid": 7693,
    "index": 54
  },
  {
    "name": "Load app.js",
    "start": 1577438189020,
    "end": 1577438189087,
    "duration": 67,
    "pid": 7693,
    "index": 55
  },
  {
    "name": "Require(47) node_modules/egg-session/app.js",
    "start": 1577438189020,
    "end": 1577438189020,
    "duration": 0,
    "pid": 7693,
    "index": 56
  },
  {
    "name": "Require(48) node_modules/egg-security/app.js",
    "start": 1577438189020,
    "end": 1577438189021,
    "duration": 1,
    "pid": 7693,
    "index": 57
  },
  {
    "name": "Require(49) node_modules/egg-onerror/app.js",
    "start": 1577438189022,
    "end": 1577438189026,
    "duration": 4,
    "pid": 7693,
    "index": 58
  },
  {
    "name": "Require(50) node_modules/egg-i18n/app.js",
    "start": 1577438189027,
    "end": 1577438189036,
    "duration": 9,
    "pid": 7693,
    "index": 59
  },
  {
    "name": "Require(51) node_modules/egg-watcher/app.js",
    "start": 1577438189037,
    "end": 1577438189038,
    "duration": 1,
    "pid": 7693,
    "index": 60
  },
  {
    "name": "Require(52) node_modules/egg-schedule/app.js",
    "start": 1577438189038,
    "end": 1577438189039,
    "duration": 1,
    "pid": 7693,
    "index": 61
  },
  {
    "name": "Require(53) node_modules/egg-multipart/app.js",
    "start": 1577438189039,
    "end": 1577438189041,
    "duration": 2,
    "pid": 7693,
    "index": 62
  },
  {
    "name": "Require(54) node_modules/egg-development/app.js",
    "start": 1577438189041,
    "end": 1577438189041,
    "duration": 0,
    "pid": 7693,
    "index": 63
  },
  {
    "name": "Require(55) node_modules/egg-logrotator/app.js",
    "start": 1577438189041,
    "end": 1577438189041,
    "duration": 0,
    "pid": 7693,
    "index": 64
  },
  {
    "name": "Require(56) node_modules/egg-static/app.js",
    "start": 1577438189042,
    "end": 1577438189042,
    "duration": 0,
    "pid": 7693,
    "index": 65
  },
  {
    "name": "Require(57) node_modules/@switchdog/egg-graphql/app.js",
    "start": 1577438189042,
    "end": 1577438189042,
    "duration": 0,
    "pid": 7693,
    "index": 66
  },
  {
    "name": "Require(58) node_modules/egg-sequelize/app.js",
    "start": 1577438189042,
    "end": 1577438189043,
    "duration": 1,
    "pid": 7693,
    "index": 67
  },
  {
    "name": "Require(59) node_modules/egg-cors/app.js",
    "start": 1577438189043,
    "end": 1577438189043,
    "duration": 0,
    "pid": 7693,
    "index": 68
  },
  {
    "name": "Require(60) node_modules/egg-redis/app.js",
    "start": 1577438189043,
    "end": 1577438189044,
    "duration": 1,
    "pid": 7693,
    "index": 69
  },
  {
    "name": "Require(61) node_modules/egg-view-ejs/app.js",
    "start": 1577438189044,
    "end": 1577438189044,
    "duration": 0,
    "pid": 7693,
    "index": 70
  },
  {
    "name": "Require(62) node_modules/egg-socket.io/app.js",
    "start": 1577438189044,
    "end": 1577438189086,
    "duration": 42,
    "pid": 7693,
    "index": 71
  },
  {
    "name": "Require(63) app.ts",
    "start": 1577438189086,
    "end": 1577438189087,
    "duration": 1,
    "pid": 7693,
    "index": 72
  },
  {
    "name": "Before Start in node_modules/egg-watcher/lib/init.js:15:14",
    "start": 1577438189102,
    "end": 1577438193778,
    "duration": 4676,
    "pid": 7693,
    "index": 73
  },
  {
    "name": "Loader Graphql",
    "start": 1577438189260,
    "end": 1577438189317,
    "duration": 57,
    "pid": 7693,
    "index": 74
  },
  {
    "name": "Load \"Symbol(model)\" to Application",
    "start": 1577438189554,
    "end": 1577438189572,
    "duration": 18,
    "pid": 7693,
    "index": 75
  },
  {
    "name": "Before Start in node_modules/egg-sequelize/lib/loader.js:39:7",
    "start": 1577438189573,
    "end": 1577438193806,
    "duration": 4233,
    "pid": 7693,
    "index": 76
  },
  {
    "name": "Before Start in node_modules/egg-redis/lib/redis.js:53:7",
    "start": 1577438189609,
    "end": 1577438193752,
    "duration": 4143,
    "pid": 7693,
    "index": 77
  },
  {
    "name": "Load Controller",
    "start": 1577438189621,
    "end": 1577438190244,
    "duration": 623,
    "pid": 7693,
    "index": 78
  },
  {
    "name": "Load \"controller\" to Application",
    "start": 1577438189621,
    "end": 1577438190244,
    "duration": 623,
    "pid": 7693,
    "index": 79
  },
  {
    "name": "Before Start in node_modules/egg-socket.io/lib/io.js:26:7",
    "start": 1577438189628,
    "end": 1577438193689,
    "duration": 4061,
    "pid": 7693,
    "index": 80
  },
  {
    "name": "Load Service",
    "start": 1577438189631,
    "end": 1577438190006,
    "duration": 375,
    "pid": 7693,
    "index": 81
  },
  {
    "name": "Load \"service\" to Context",
    "start": 1577438189631,
    "end": 1577438190006,
    "duration": 375,
    "pid": 7693,
    "index": 82
  },
  {
    "name": "Load Middleware",
    "start": 1577438190006,
    "end": 1577438190244,
    "duration": 238,
    "pid": 7693,
    "index": 83
  },
  {
    "name": "Load \"middlewares\" to Application",
    "start": 1577438190006,
    "end": 1577438190191,
    "duration": 185,
    "pid": 7693,
    "index": 84
  },
  {
    "name": "Load Controller",
    "start": 1577438190244,
    "end": 1577438193659,
    "duration": 3415,
    "pid": 7693,
    "index": 85
  },
  {
    "name": "Load \"controller\" to Application",
    "start": 1577438190244,
    "end": 1577438193659,
    "duration": 3415,
    "pid": 7693,
    "index": 86
  },
  {
    "name": "Load Router",
    "start": 1577438193659,
    "end": 1577438193662,
    "duration": 3,
    "pid": 7693,
    "index": 87
  },
  {
    "name": "Require(64) app/router.ts",
    "start": 1577438193660,
    "end": 1577438193660,
    "duration": 0,
    "pid": 7693,
    "index": 88
  },
  {
    "name": "Before Start in node_modules/egg-core/lib/egg.js:303:10",
    "start": 1577438193660,
    "end": 1577438193689,
    "duration": 29,
    "pid": 7693,
    "index": 89
  }
]