[
  {
    "name": "Application Start",
    "start": 1577438590183,
    "end": 1577438594944,
    "duration": 4761,
    "pid": 7980,
    "index": 0
  },
  {
    "name": "Load Plugin",
    "start": 1577438590191,
    "end": 1577438590213,
    "duration": 22,
    "pid": 7980,
    "index": 1
  },
  {
    "name": "Load Config",
    "start": 1577438590214,
    "end": 1577438590255,
    "duration": 41,
    "pid": 7980,
    "index": 2
  },
  {
    "name": "Require(0) config/config.default.ts",
    "start": 1577438590215,
    "end": 1577438590221,
    "duration": 6,
    "pid": 7980,
    "index": 3
  },
  {
    "name": "Require(1) config/config.local.ts",
    "start": 1577438590228,
    "end": 1577438590230,
    "duration": 2,
    "pid": 7980,
    "index": 4
  },
  {
    "name": "Require(2) node_modules/egg-session/config/config.default.js",
    "start": 1577438590232,
    "end": 1577438590232,
    "duration": 0,
    "pid": 7980,
    "index": 5
  },
  {
    "name": "Require(3) node_modules/egg-security/config/config.default.js",
    "start": 1577438590233,
    "end": 1577438590234,
    "duration": 1,
    "pid": 7980,
    "index": 6
  },
  {
    "name": "Require(4) node_modules/egg-jsonp/config/config.default.js",
    "start": 1577438590234,
    "end": 1577438590235,
    "duration": 1,
    "pid": 7980,
    "index": 7
  },
  {
    "name": "Require(5) node_modules/egg-onerror/config/config.default.js",
    "start": 1577438590235,
    "end": 1577438590235,
    "duration": 0,
    "pid": 7980,
    "index": 8
  },
  {
    "name": "Require(6) node_modules/egg-i18n/config/config.default.js",
    "start": 1577438590235,
    "end": 1577438590236,
    "duration": 1,
    "pid": 7980,
    "index": 9
  },
  {
    "name": "Require(7) node_modules/egg-watcher/config/config.default.js",
    "start": 1577438590236,
    "end": 1577438590236,
    "duration": 0,
    "pid": 7980,
    "index": 10
  },
  {
    "name": "Require(8) node_modules/egg-schedule/config/config.default.js",
    "start": 1577438590237,
    "end": 1577438590237,
    "duration": 0,
    "pid": 7980,
    "index": 11
  },
  {
    "name": "Require(9) node_modules/egg-multipart/config/config.default.js",
    "start": 1577438590237,
    "end": 1577438590238,
    "duration": 1,
    "pid": 7980,
    "index": 12
  },
  {
    "name": "Require(10) node_modules/egg-development/config/config.default.js",
    "start": 1577438590238,
    "end": 1577438590239,
    "duration": 1,
    "pid": 7980,
    "index": 13
  },
  {
    "name": "Require(11) node_modules/egg-logrotator/config/config.default.js",
    "start": 1577438590239,
    "end": 1577438590240,
    "duration": 1,
    "pid": 7980,
    "index": 14
  },
  {
    "name": "Require(12) node_modules/egg-static/config/config.default.js",
    "start": 1577438590240,
    "end": 1577438590241,
    "duration": 1,
    "pid": 7980,
    "index": 15
  },
  {
    "name": "Require(13) node_modules/egg-view/config/config.default.js",
    "start": 1577438590241,
    "end": 1577438590242,
    "duration": 1,
    "pid": 7980,
    "index": 16
  },
  {
    "name": "Require(14) node_modules/@switchdog/egg-graphql/config/config.default.js",
    "start": 1577438590242,
    "end": 1577438590243,
    "duration": 1,
    "pid": 7980,
    "index": 17
  },
  {
    "name": "Require(15) node_modules/egg-sequelize/config/config.default.js",
    "start": 1577438590243,
    "end": 1577438590244,
    "duration": 1,
    "pid": 7980,
    "index": 18
  },
  {
    "name": "Require(16) node_modules/egg-cors/config/config.default.js",
    "start": 1577438590244,
    "end": 1577438590245,
    "duration": 1,
    "pid": 7980,
    "index": 19
  },
  {
    "name": "Require(17) node_modules/egg-redis/config/config.default.js",
    "start": 1577438590245,
    "end": 1577438590246,
    "duration": 1,
    "pid": 7980,
    "index": 20
  },
  {
    "name": "Require(18) node_modules/egg-view-ejs/config/config.default.js",
    "start": 1577438590247,
    "end": 1577438590248,
    "duration": 1,
    "pid": 7980,
    "index": 21
  },
  {
    "name": "Require(19) node_modules/egg-socket.io/config/config.default.js",
    "start": 1577438590249,
    "end": 1577438590249,
    "duration": 0,
    "pid": 7980,
    "index": 22
  },
  {
    "name": "Require(20) node_modules/egg/config/config.default.js",
    "start": 1577438590250,
    "end": 1577438590250,
    "duration": 0,
    "pid": 7980,
    "index": 23
  },
  {
    "name": "Require(21) config/config.default.ts",
    "start": 1577438590251,
    "end": 1577438590251,
    "duration": 0,
    "pid": 7980,
    "index": 24
  },
  {
    "name": "Require(22) node_modules/egg-security/config/config.local.js",
    "start": 1577438590252,
    "end": 1577438590253,
    "duration": 1,
    "pid": 7980,
    "index": 25
  },
  {
    "name": "Require(23) node_modules/egg-watcher/config/config.local.js",
    "start": 1577438590253,
    "end": 1577438590253,
    "duration": 0,
    "pid": 7980,
    "index": 26
  },
  {
    "name": "Require(24) node_modules/egg-view/config/config.local.js",
    "start": 1577438590254,
    "end": 1577438590254,
    "duration": 0,
    "pid": 7980,
    "index": 27
  },
  {
    "name": "Require(25) node_modules/egg-view-ejs/config/config.local.js",
    "start": 1577438590254,
    "end": 1577438590255,
    "duration": 1,
    "pid": 7980,
    "index": 28
  },
  {
    "name": "Require(26) node_modules/egg/config/config.local.js",
    "start": 1577438590255,
    "end": 1577438590255,
    "duration": 0,
    "pid": 7980,
    "index": 29
  },
  {
    "name": "Require(27) config/config.local.ts",
    "start": 1577438590255,
    "end": 1577438590255,
    "duration": 0,
    "pid": 7980,
    "index": 30
  },
  {
    "name": "Load extend/application.js",
    "start": 1577438590259,
    "end": 1577438590302,
    "duration": 43,
    "pid": 7980,
    "index": 31
  },
  {
    "name": "Require(28) node_modules/egg-session/app/extend/application.js",
    "start": 1577438590260,
    "end": 1577438590261,
    "duration": 1,
    "pid": 7980,
    "index": 32
  },
  {
    "name": "Require(29) node_modules/egg-security/app/extend/application.js",
    "start": 1577438590261,
    "end": 1577438590263,
    "duration": 2,
    "pid": 7980,
    "index": 33
  },
  {
    "name": "Require(30) node_modules/egg-jsonp/app/extend/application.js",
    "start": 1577438590263,
    "end": 1577438590266,
    "duration": 3,
    "pid": 7980,
    "index": 34
  },
  {
    "name": "Require(31) node_modules/egg-logrotator/app/extend/application.js",
    "start": 1577438590267,
    "end": 1577438590268,
    "duration": 1,
    "pid": 7980,
    "index": 35
  },
  {
    "name": "Require(32) node_modules/egg-view/app/extend/application.js",
    "start": 1577438590268,
    "end": 1577438590269,
    "duration": 1,
    "pid": 7980,
    "index": 36
  },
  {
    "name": "Require(33) node_modules/egg-socket.io/app/extend/application.js",
    "start": 1577438590270,
    "end": 1577438590300,
    "duration": 30,
    "pid": 7980,
    "index": 37
  },
  {
    "name": "Load extend/request.js",
    "start": 1577438590303,
    "end": 1577438590309,
    "duration": 6,
    "pid": 7980,
    "index": 38
  },
  {
    "name": "Require(34) node_modules/egg/app/extend/request.js",
    "start": 1577438590304,
    "end": 1577438590305,
    "duration": 1,
    "pid": 7980,
    "index": 39
  },
  {
    "name": "Load extend/response.js",
    "start": 1577438590309,
    "end": 1577438590316,
    "duration": 7,
    "pid": 7980,
    "index": 40
  },
  {
    "name": "Require(35) node_modules/egg/app/extend/response.js",
    "start": 1577438590312,
    "end": 1577438590314,
    "duration": 2,
    "pid": 7980,
    "index": 41
  },
  {
    "name": "Load extend/context.js",
    "start": 1577438590316,
    "end": 1577438590404,
    "duration": 88,
    "pid": 7980,
    "index": 42
  },
  {
    "name": "Require(36) node_modules/egg-security/app/extend/context.js",
    "start": 1577438590317,
    "end": 1577438590328,
    "duration": 11,
    "pid": 7980,
    "index": 43
  },
  {
    "name": "Require(37) node_modules/egg-jsonp/app/extend/context.js",
    "start": 1577438590329,
    "end": 1577438590331,
    "duration": 2,
    "pid": 7980,
    "index": 44
  },
  {
    "name": "Require(38) node_modules/egg-i18n/app/extend/context.js",
    "start": 1577438590331,
    "end": 1577438590331,
    "duration": 0,
    "pid": 7980,
    "index": 45
  },
  {
    "name": "Require(39) node_modules/egg-multipart/app/extend/context.js",
    "start": 1577438590332,
    "end": 1577438590396,
    "duration": 64,
    "pid": 7980,
    "index": 46
  },
  {
    "name": "Require(40) node_modules/egg-view/app/extend/context.js",
    "start": 1577438590396,
    "end": 1577438590398,
    "duration": 2,
    "pid": 7980,
    "index": 47
  },
  {
    "name": "Require(41) node_modules/@switchdog/egg-graphql/app/extend/context.js",
    "start": 1577438590398,
    "end": 1577438590398,
    "duration": 0,
    "pid": 7980,
    "index": 48
  },
  {
    "name": "Require(42) node_modules/egg/app/extend/context.js",
    "start": 1577438590399,
    "end": 1577438590401,
    "duration": 2,
    "pid": 7980,
    "index": 49
  },
  {
    "name": "Require(43) app/extend/context.ts",
    "start": 1577438590401,
    "end": 1577438590402,
    "duration": 1,
    "pid": 7980,
    "index": 50
  },
  {
    "name": "Load extend/helper.js",
    "start": 1577438590404,
    "end": 1577438590455,
    "duration": 51,
    "pid": 7980,
    "index": 51
  },
  {
    "name": "Require(44) node_modules/egg-security/app/extend/helper.js",
    "start": 1577438590404,
    "end": 1577438590422,
    "duration": 18,
    "pid": 7980,
    "index": 52
  },
  {
    "name": "Require(45) node_modules/egg/app/extend/helper.js",
    "start": 1577438590426,
    "end": 1577438590426,
    "duration": 0,
    "pid": 7980,
    "index": 53
  },
  {
    "name": "Require(46) app/extend/helper.ts",
    "start": 1577438590426,
    "end": 1577438590453,
    "duration": 27,
    "pid": 7980,
    "index": 54
  },
  {
    "name": "Load app.js",
    "start": 1577438590455,
    "end": 1577438590544,
    "duration": 89,
    "pid": 7980,
    "index": 55
  },
  {
    "name": "Require(47) node_modules/egg-session/app.js",
    "start": 1577438590455,
    "end": 1577438590456,
    "duration": 1,
    "pid": 7980,
    "index": 56
  },
  {
    "name": "Require(48) node_modules/egg-security/app.js",
    "start": 1577438590456,
    "end": 1577438590457,
    "duration": 1,
    "pid": 7980,
    "index": 57
  },
  {
    "name": "Require(49) node_modules/egg-onerror/app.js",
    "start": 1577438590457,
    "end": 1577438590463,
    "duration": 6,
    "pid": 7980,
    "index": 58
  },
  {
    "name": "Require(50) node_modules/egg-i18n/app.js",
    "start": 1577438590463,
    "end": 1577438590480,
    "duration": 17,
    "pid": 7980,
    "index": 59
  },
  {
    "name": "Require(51) node_modules/egg-watcher/app.js",
    "start": 1577438590480,
    "end": 1577438590482,
    "duration": 2,
    "pid": 7980,
    "index": 60
  },
  {
    "name": "Require(52) node_modules/egg-schedule/app.js",
    "start": 1577438590482,
    "end": 1577438590483,
    "duration": 1,
    "pid": 7980,
    "index": 61
  },
  {
    "name": "Require(53) node_modules/egg-multipart/app.js",
    "start": 1577438590484,
    "end": 1577438590486,
    "duration": 2,
    "pid": 7980,
    "index": 62
  },
  {
    "name": "Require(54) node_modules/egg-development/app.js",
    "start": 1577438590486,
    "end": 1577438590486,
    "duration": 0,
    "pid": 7980,
    "index": 63
  },
  {
    "name": "Require(55) node_modules/egg-logrotator/app.js",
    "start": 1577438590486,
    "end": 1577438590487,
    "duration": 1,
    "pid": 7980,
    "index": 64
  },
  {
    "name": "Require(56) node_modules/egg-static/app.js",
    "start": 1577438590487,
    "end": 1577438590487,
    "duration": 0,
    "pid": 7980,
    "index": 65
  },
  {
    "name": "Require(57) node_modules/@switchdog/egg-graphql/app.js",
    "start": 1577438590487,
    "end": 1577438590487,
    "duration": 0,
    "pid": 7980,
    "index": 66
  },
  {
    "name": "Require(58) node_modules/egg-sequelize/app.js",
    "start": 1577438590487,
    "end": 1577438590488,
    "duration": 1,
    "pid": 7980,
    "index": 67
  },
  {
    "name": "Require(59) node_modules/egg-cors/app.js",
    "start": 1577438590488,
    "end": 1577438590488,
    "duration": 0,
    "pid": 7980,
    "index": 68
  },
  {
    "name": "Require(60) node_modules/egg-redis/app.js",
    "start": 1577438590488,
    "end": 1577438590489,
    "duration": 1,
    "pid": 7980,
    "index": 69
  },
  {
    "name": "Require(61) node_modules/egg-view-ejs/app.js",
    "start": 1577438590489,
    "end": 1577438590490,
    "duration": 1,
    "pid": 7980,
    "index": 70
  },
  {
    "name": "Require(62) node_modules/egg-socket.io/app.js",
    "start": 1577438590490,
    "end": 1577438590542,
    "duration": 52,
    "pid": 7980,
    "index": 71
  },
  {
    "name": "Require(63) app.ts",
    "start": 1577438590542,
    "end": 1577438590543,
    "duration": 1,
    "pid": 7980,
    "index": 72
  },
  {
    "name": "Before Start in node_modules/egg-watcher/lib/init.js:15:14",
    "start": 1577438590557,
    "end": 1577438594920,
    "duration": 4363,
    "pid": 7980,
    "index": 73
  },
  {
    "name": "Loader Graphql",
    "start": 1577438590801,
    "end": 1577438590866,
    "duration": 65,
    "pid": 7980,
    "index": 74
  },
  {
    "name": "Load \"Symbol(model)\" to Application",
    "start": 1577438591212,
    "end": 1577438591235,
    "duration": 23,
    "pid": 7980,
    "index": 75
  },
  {
    "name": "Before Start in node_modules/egg-sequelize/lib/loader.js:39:7",
    "start": 1577438591237,
    "end": 1577438594943,
    "duration": 3706,
    "pid": 7980,
    "index": 76
  },
  {
    "name": "Before Start in node_modules/egg-redis/lib/redis.js:53:7",
    "start": 1577438591288,
    "end": 1577438594900,
    "duration": 3612,
    "pid": 7980,
    "index": 77
  },
  {
    "name": "Load Controller",
    "start": 1577438591304,
    "end": 1577438592077,
    "duration": 773,
    "pid": 7980,
    "index": 78
  },
  {
    "name": "Load \"controller\" to Application",
    "start": 1577438591304,
    "end": 1577438592077,
    "duration": 773,
    "pid": 7980,
    "index": 79
  },
  {
    "name": "Before Start in node_modules/egg-socket.io/lib/io.js:26:7",
    "start": 1577438591322,
    "end": 1577438594882,
    "duration": 3560,
    "pid": 7980,
    "index": 80
  },
  {
    "name": "Load Service",
    "start": 1577438591327,
    "end": 1577438591849,
    "duration": 522,
    "pid": 7980,
    "index": 81
  },
  {
    "name": "Load \"service\" to Context",
    "start": 1577438591327,
    "end": 1577438591849,
    "duration": 522,
    "pid": 7980,
    "index": 82
  },
  {
    "name": "Load Middleware",
    "start": 1577438591849,
    "end": 1577438592077,
    "duration": 228,
    "pid": 7980,
    "index": 83
  },
  {
    "name": "Load \"middlewares\" to Application",
    "start": 1577438591850,
    "end": 1577438592031,
    "duration": 181,
    "pid": 7980,
    "index": 84
  },
  {
    "name": "Load Controller",
    "start": 1577438592077,
    "end": 1577438594848,
    "duration": 2771,
    "pid": 7980,
    "index": 85
  },
  {
    "name": "Load \"controller\" to Application",
    "start": 1577438592077,
    "end": 1577438594848,
    "duration": 2771,
    "pid": 7980,
    "index": 86
  },
  {
    "name": "Load Router",
    "start": 1577438594848,
    "end": 1577438594852,
    "duration": 4,
    "pid": 7980,
    "index": 87
  },
  {
    "name": "Require(64) app/router.ts",
    "start": 1577438594848,
    "end": 1577438594849,
    "duration": 1,
    "pid": 7980,
    "index": 88
  },
  {
    "name": "Before Start in node_modules/egg-core/lib/egg.js:303:10",
    "start": 1577438594850,
    "end": 1577438594882,
    "duration": 32,
    "pid": 7980,
    "index": 89
  }
]