[
  {
    "name": "Application Start",
    "start": 1577438255090,
    "end": 1577438263049,
    "duration": 7959,
    "pid": 7758,
    "index": 0
  },
  {
    "name": "Load Plugin",
    "start": 1577438255100,
    "end": 1577438255135,
    "duration": 35,
    "pid": 7758,
    "index": 1
  },
  {
    "name": "Load Config",
    "start": 1577438255136,
    "end": 1577438255165,
    "duration": 29,
    "pid": 7758,
    "index": 2
  },
  {
    "name": "Require(0) config/config.default.ts",
    "start": 1577438255139,
    "end": 1577438255142,
    "duration": 3,
    "pid": 7758,
    "index": 3
  },
  {
    "name": "Require(1) config/config.local.ts",
    "start": 1577438255144,
    "end": 1577438255145,
    "duration": 1,
    "pid": 7758,
    "index": 4
  },
  {
    "name": "Require(2) node_modules/egg-session/config/config.default.js",
    "start": 1577438255146,
    "end": 1577438255147,
    "duration": 1,
    "pid": 7758,
    "index": 5
  },
  {
    "name": "Require(3) node_modules/egg-security/config/config.default.js",
    "start": 1577438255147,
    "end": 1577438255147,
    "duration": 0,
    "pid": 7758,
    "index": 6
  },
  {
    "name": "Require(4) node_modules/egg-jsonp/config/config.default.js",
    "start": 1577438255148,
    "end": 1577438255148,
    "duration": 0,
    "pid": 7758,
    "index": 7
  },
  {
    "name": "Require(5) node_modules/egg-onerror/config/config.default.js",
    "start": 1577438255148,
    "end": 1577438255149,
    "duration": 1,
    "pid": 7758,
    "index": 8
  },
  {
    "name": "Require(6) node_modules/egg-i18n/config/config.default.js",
    "start": 1577438255149,
    "end": 1577438255149,
    "duration": 0,
    "pid": 7758,
    "index": 9
  },
  {
    "name": "Require(7) node_modules/egg-watcher/config/config.default.js",
    "start": 1577438255149,
    "end": 1577438255149,
    "duration": 0,
    "pid": 7758,
    "index": 10
  },
  {
    "name": "Require(8) node_modules/egg-schedule/config/config.default.js",
    "start": 1577438255150,
    "end": 1577438255150,
    "duration": 0,
    "pid": 7758,
    "index": 11
  },
  {
    "name": "Require(9) node_modules/egg-multipart/config/config.default.js",
    "start": 1577438255150,
    "end": 1577438255150,
    "duration": 0,
    "pid": 7758,
    "index": 12
  },
  {
    "name": "Require(10) node_modules/egg-development/config/config.default.js",
    "start": 1577438255151,
    "end": 1577438255151,
    "duration": 0,
    "pid": 7758,
    "index": 13
  },
  {
    "name": "Require(11) node_modules/egg-logrotator/config/config.default.js",
    "start": 1577438255151,
    "end": 1577438255152,
    "duration": 1,
    "pid": 7758,
    "index": 14
  },
  {
    "name": "Require(12) node_modules/egg-static/config/config.default.js",
    "start": 1577438255152,
    "end": 1577438255152,
    "duration": 0,
    "pid": 7758,
    "index": 15
  },
  {
    "name": "Require(13) node_modules/egg-view/config/config.default.js",
    "start": 1577438255153,
    "end": 1577438255155,
    "duration": 2,
    "pid": 7758,
    "index": 16
  },
  {
    "name": "Require(14) node_modules/@switchdog/egg-graphql/config/config.default.js",
    "start": 1577438255156,
    "end": 1577438255156,
    "duration": 0,
    "pid": 7758,
    "index": 17
  },
  {
    "name": "Require(15) node_modules/egg-sequelize/config/config.default.js",
    "start": 1577438255157,
    "end": 1577438255157,
    "duration": 0,
    "pid": 7758,
    "index": 18
  },
  {
    "name": "Require(16) node_modules/egg-cors/config/config.default.js",
    "start": 1577438255157,
    "end": 1577438255157,
    "duration": 0,
    "pid": 7758,
    "index": 19
  },
  {
    "name": "Require(17) node_modules/egg-redis/config/config.default.js",
    "start": 1577438255158,
    "end": 1577438255158,
    "duration": 0,
    "pid": 7758,
    "index": 20
  },
  {
    "name": "Require(18) node_modules/egg-view-ejs/config/config.default.js",
    "start": 1577438255158,
    "end": 1577438255158,
    "duration": 0,
    "pid": 7758,
    "index": 21
  },
  {
    "name": "Require(19) node_modules/egg-socket.io/config/config.default.js",
    "start": 1577438255159,
    "end": 1577438255159,
    "duration": 0,
    "pid": 7758,
    "index": 22
  },
  {
    "name": "Require(20) node_modules/egg/config/config.default.js",
    "start": 1577438255159,
    "end": 1577438255159,
    "duration": 0,
    "pid": 7758,
    "index": 23
  },
  {
    "name": "Require(21) config/config.default.ts",
    "start": 1577438255161,
    "end": 1577438255161,
    "duration": 0,
    "pid": 7758,
    "index": 24
  },
  {
    "name": "Require(22) node_modules/egg-security/config/config.local.js",
    "start": 1577438255162,
    "end": 1577438255162,
    "duration": 0,
    "pid": 7758,
    "index": 25
  },
  {
    "name": "Require(23) node_modules/egg-watcher/config/config.local.js",
    "start": 1577438255162,
    "end": 1577438255163,
    "duration": 1,
    "pid": 7758,
    "index": 26
  },
  {
    "name": "Require(24) node_modules/egg-view/config/config.local.js",
    "start": 1577438255163,
    "end": 1577438255164,
    "duration": 1,
    "pid": 7758,
    "index": 27
  },
  {
    "name": "Require(25) node_modules/egg-view-ejs/config/config.local.js",
    "start": 1577438255164,
    "end": 1577438255164,
    "duration": 0,
    "pid": 7758,
    "index": 28
  },
  {
    "name": "Require(26) node_modules/egg/config/config.local.js",
    "start": 1577438255165,
    "end": 1577438255165,
    "duration": 0,
    "pid": 7758,
    "index": 29
  },
  {
    "name": "Require(27) config/config.local.ts",
    "start": 1577438255165,
    "end": 1577438255165,
    "duration": 0,
    "pid": 7758,
    "index": 30
  },
  {
    "name": "Load extend/application.js",
    "start": 1577438255167,
    "end": 1577438255216,
    "duration": 49,
    "pid": 7758,
    "index": 31
  },
  {
    "name": "Require(28) node_modules/egg-session/app/extend/application.js",
    "start": 1577438255167,
    "end": 1577438255168,
    "duration": 1,
    "pid": 7758,
    "index": 32
  },
  {
    "name": "Require(29) node_modules/egg-security/app/extend/application.js",
    "start": 1577438255168,
    "end": 1577438255169,
    "duration": 1,
    "pid": 7758,
    "index": 33
  },
  {
    "name": "Require(30) node_modules/egg-jsonp/app/extend/application.js",
    "start": 1577438255169,
    "end": 1577438255171,
    "duration": 2,
    "pid": 7758,
    "index": 34
  },
  {
    "name": "Require(31) node_modules/egg-logrotator/app/extend/application.js",
    "start": 1577438255173,
    "end": 1577438255174,
    "duration": 1,
    "pid": 7758,
    "index": 35
  },
  {
    "name": "Require(32) node_modules/egg-view/app/extend/application.js",
    "start": 1577438255174,
    "end": 1577438255175,
    "duration": 1,
    "pid": 7758,
    "index": 36
  },
  {
    "name": "Require(33) node_modules/egg-socket.io/app/extend/application.js",
    "start": 1577438255176,
    "end": 1577438255214,
    "duration": 38,
    "pid": 7758,
    "index": 37
  },
  {
    "name": "Load extend/request.js",
    "start": 1577438255216,
    "end": 1577438255224,
    "duration": 8,
    "pid": 7758,
    "index": 38
  },
  {
    "name": "Require(34) node_modules/egg/app/extend/request.js",
    "start": 1577438255219,
    "end": 1577438255221,
    "duration": 2,
    "pid": 7758,
    "index": 39
  },
  {
    "name": "Load extend/response.js",
    "start": 1577438255224,
    "end": 1577438255233,
    "duration": 9,
    "pid": 7758,
    "index": 40
  },
  {
    "name": "Require(35) node_modules/egg/app/extend/response.js",
    "start": 1577438255228,
    "end": 1577438255230,
    "duration": 2,
    "pid": 7758,
    "index": 41
  },
  {
    "name": "Load extend/context.js",
    "start": 1577438255233,
    "end": 1577438255340,
    "duration": 107,
    "pid": 7758,
    "index": 42
  },
  {
    "name": "Require(36) node_modules/egg-security/app/extend/context.js",
    "start": 1577438255234,
    "end": 1577438255248,
    "duration": 14,
    "pid": 7758,
    "index": 43
  },
  {
    "name": "Require(37) node_modules/egg-jsonp/app/extend/context.js",
    "start": 1577438255249,
    "end": 1577438255251,
    "duration": 2,
    "pid": 7758,
    "index": 44
  },
  {
    "name": "Require(38) node_modules/egg-i18n/app/extend/context.js",
    "start": 1577438255251,
    "end": 1577438255252,
    "duration": 1,
    "pid": 7758,
    "index": 45
  },
  {
    "name": "Require(39) node_modules/egg-multipart/app/extend/context.js",
    "start": 1577438255254,
    "end": 1577438255331,
    "duration": 77,
    "pid": 7758,
    "index": 46
  },
  {
    "name": "Require(40) node_modules/egg-view/app/extend/context.js",
    "start": 1577438255332,
    "end": 1577438255333,
    "duration": 1,
    "pid": 7758,
    "index": 47
  },
  {
    "name": "Require(41) node_modules/@switchdog/egg-graphql/app/extend/context.js",
    "start": 1577438255333,
    "end": 1577438255333,
    "duration": 0,
    "pid": 7758,
    "index": 48
  },
  {
    "name": "Require(42) node_modules/egg/app/extend/context.js",
    "start": 1577438255335,
    "end": 1577438255337,
    "duration": 2,
    "pid": 7758,
    "index": 49
  },
  {
    "name": "Require(43) app/extend/context.ts",
    "start": 1577438255337,
    "end": 1577438255338,
    "duration": 1,
    "pid": 7758,
    "index": 50
  },
  {
    "name": "Load extend/helper.js",
    "start": 1577438255340,
    "end": 1577438255399,
    "duration": 59,
    "pid": 7758,
    "index": 51
  },
  {
    "name": "Require(44) node_modules/egg-security/app/extend/helper.js",
    "start": 1577438255341,
    "end": 1577438255355,
    "duration": 14,
    "pid": 7758,
    "index": 52
  },
  {
    "name": "Require(45) node_modules/egg/app/extend/helper.js",
    "start": 1577438255356,
    "end": 1577438255357,
    "duration": 1,
    "pid": 7758,
    "index": 53
  },
  {
    "name": "Require(46) app/extend/helper.ts",
    "start": 1577438255357,
    "end": 1577438255391,
    "duration": 34,
    "pid": 7758,
    "index": 54
  },
  {
    "name": "Load app.js",
    "start": 1577438255399,
    "end": 1577438255688,
    "duration": 289,
    "pid": 7758,
    "index": 55
  },
  {
    "name": "Require(47) node_modules/egg-session/app.js",
    "start": 1577438255400,
    "end": 1577438255400,
    "duration": 0,
    "pid": 7758,
    "index": 56
  },
  {
    "name": "Require(48) node_modules/egg-security/app.js",
    "start": 1577438255401,
    "end": 1577438255405,
    "duration": 4,
    "pid": 7758,
    "index": 57
  },
  {
    "name": "Require(49) node_modules/egg-onerror/app.js",
    "start": 1577438255409,
    "end": 1577438255425,
    "duration": 16,
    "pid": 7758,
    "index": 58
  },
  {
    "name": "Require(50) node_modules/egg-i18n/app.js",
    "start": 1577438255426,
    "end": 1577438255453,
    "duration": 27,
    "pid": 7758,
    "index": 59
  },
  {
    "name": "Require(51) node_modules/egg-watcher/app.js",
    "start": 1577438255454,
    "end": 1577438255476,
    "duration": 22,
    "pid": 7758,
    "index": 60
  },
  {
    "name": "Require(52) node_modules/egg-schedule/app.js",
    "start": 1577438255476,
    "end": 1577438255477,
    "duration": 1,
    "pid": 7758,
    "index": 61
  },
  {
    "name": "Require(53) node_modules/egg-multipart/app.js",
    "start": 1577438255480,
    "end": 1577438255485,
    "duration": 5,
    "pid": 7758,
    "index": 62
  },
  {
    "name": "Require(54) node_modules/egg-development/app.js",
    "start": 1577438255491,
    "end": 1577438255491,
    "duration": 0,
    "pid": 7758,
    "index": 63
  },
  {
    "name": "Require(55) node_modules/egg-logrotator/app.js",
    "start": 1577438255492,
    "end": 1577438255492,
    "duration": 0,
    "pid": 7758,
    "index": 64
  },
  {
    "name": "Require(56) node_modules/egg-static/app.js",
    "start": 1577438255492,
    "end": 1577438255493,
    "duration": 1,
    "pid": 7758,
    "index": 65
  },
  {
    "name": "Require(57) node_modules/@switchdog/egg-graphql/app.js",
    "start": 1577438255493,
    "end": 1577438255494,
    "duration": 1,
    "pid": 7758,
    "index": 66
  },
  {
    "name": "Require(58) node_modules/egg-sequelize/app.js",
    "start": 1577438255494,
    "end": 1577438255494,
    "duration": 0,
    "pid": 7758,
    "index": 67
  },
  {
    "name": "Require(59) node_modules/egg-cors/app.js",
    "start": 1577438255494,
    "end": 1577438255495,
    "duration": 1,
    "pid": 7758,
    "index": 68
  },
  {
    "name": "Require(60) node_modules/egg-redis/app.js",
    "start": 1577438255495,
    "end": 1577438255496,
    "duration": 1,
    "pid": 7758,
    "index": 69
  },
  {
    "name": "Require(61) node_modules/egg-view-ejs/app.js",
    "start": 1577438255496,
    "end": 1577438255496,
    "duration": 0,
    "pid": 7758,
    "index": 70
  },
  {
    "name": "Require(62) node_modules/egg-socket.io/app.js",
    "start": 1577438255496,
    "end": 1577438255683,
    "duration": 187,
    "pid": 7758,
    "index": 71
  },
  {
    "name": "Require(63) app.ts",
    "start": 1577438255684,
    "end": 1577438255685,
    "duration": 1,
    "pid": 7758,
    "index": 72
  },
  {
    "name": "Before Start in node_modules/egg-watcher/lib/init.js:15:14",
    "start": 1577438255724,
    "end": 1577438263032,
    "duration": 7308,
    "pid": 7758,
    "index": 73
  },
  {
    "name": "Loader Graphql",
    "start": 1577438255928,
    "end": 1577438255996,
    "duration": 68,
    "pid": 7758,
    "index": 74
  },
  {
    "name": "Load \"Symbol(model)\" to Application",
    "start": 1577438256502,
    "end": 1577438256533,
    "duration": 31,
    "pid": 7758,
    "index": 75
  },
  {
    "name": "Before Start in node_modules/egg-sequelize/lib/loader.js:39:7",
    "start": 1577438256536,
    "end": 1577438263048,
    "duration": 6512,
    "pid": 7758,
    "index": 76
  },
  {
    "name": "Before Start in node_modules/egg-redis/lib/redis.js:53:7",
    "start": 1577438256641,
    "end": 1577438263012,
    "duration": 6371,
    "pid": 7758,
    "index": 77
  },
  {
    "name": "Load Controller",
    "start": 1577438256667,
    "end": 1577438257655,
    "duration": 988,
    "pid": 7758,
    "index": 78
  },
  {
    "name": "Load \"controller\" to Application",
    "start": 1577438256667,
    "end": 1577438257655,
    "duration": 988,
    "pid": 7758,
    "index": 79
  },
  {
    "name": "Before Start in node_modules/egg-socket.io/lib/io.js:26:7",
    "start": 1577438256682,
    "end": 1577438262991,
    "duration": 6309,
    "pid": 7758,
    "index": 80
  },
  {
    "name": "Load Service",
    "start": 1577438256690,
    "end": 1577438257348,
    "duration": 658,
    "pid": 7758,
    "index": 81
  },
  {
    "name": "Load \"service\" to Context",
    "start": 1577438256691,
    "end": 1577438257348,
    "duration": 657,
    "pid": 7758,
    "index": 82
  },
  {
    "name": "Load Middleware",
    "start": 1577438257348,
    "end": 1577438257655,
    "duration": 307,
    "pid": 7758,
    "index": 83
  },
  {
    "name": "Load \"middlewares\" to Application",
    "start": 1577438257348,
    "end": 1577438257578,
    "duration": 230,
    "pid": 7758,
    "index": 84
  },
  {
    "name": "Load Controller",
    "start": 1577438257655,
    "end": 1577438262953,
    "duration": 5298,
    "pid": 7758,
    "index": 85
  },
  {
    "name": "Load \"controller\" to Application",
    "start": 1577438257655,
    "end": 1577438262953,
    "duration": 5298,
    "pid": 7758,
    "index": 86
  },
  {
    "name": "Load Router",
    "start": 1577438262953,
    "end": 1577438262955,
    "duration": 2,
    "pid": 7758,
    "index": 87
  },
  {
    "name": "Require(64) app/router.ts",
    "start": 1577438262953,
    "end": 1577438262954,
    "duration": 1,
    "pid": 7758,
    "index": 88
  },
  {
    "name": "Before Start in node_modules/egg-core/lib/egg.js:303:10",
    "start": 1577438262954,
    "end": 1577438262991,
    "duration": 37,
    "pid": 7758,
    "index": 89
  }
]