[
  {
    "name": "Application Start",
    "start": 1577438473015,
    "end": 1577438474628,
    "duration": 1613,
    "pid": 7952,
    "index": 0
  },
  {
    "name": "Load Plugin",
    "start": 1577438473022,
    "end": 1577438473040,
    "duration": 18,
    "pid": 7952,
    "index": 1
  },
  {
    "name": "Load Config",
    "start": 1577438473041,
    "end": 1577438473067,
    "duration": 26,
    "pid": 7952,
    "index": 2
  },
  {
    "name": "Require(0) config/config.default.ts",
    "start": 1577438473042,
    "end": 1577438473044,
    "duration": 2,
    "pid": 7952,
    "index": 3
  },
  {
    "name": "Require(1) config/config.local.ts",
    "start": 1577438473047,
    "end": 1577438473047,
    "duration": 0,
    "pid": 7952,
    "index": 4
  },
  {
    "name": "Require(2) node_modules/egg-session/config/config.default.js",
    "start": 1577438473049,
    "end": 1577438473049,
    "duration": 0,
    "pid": 7952,
    "index": 5
  },
  {
    "name": "Require(3) node_modules/egg-security/config/config.default.js",
    "start": 1577438473050,
    "end": 1577438473050,
    "duration": 0,
    "pid": 7952,
    "index": 6
  },
  {
    "name": "Require(4) node_modules/egg-jsonp/config/config.default.js",
    "start": 1577438473050,
    "end": 1577438473051,
    "duration": 1,
    "pid": 7952,
    "index": 7
  },
  {
    "name": "Require(5) node_modules/egg-onerror/config/config.default.js",
    "start": 1577438473051,
    "end": 1577438473051,
    "duration": 0,
    "pid": 7952,
    "index": 8
  },
  {
    "name": "Require(6) node_modules/egg-i18n/config/config.default.js",
    "start": 1577438473051,
    "end": 1577438473051,
    "duration": 0,
    "pid": 7952,
    "index": 9
  },
  {
    "name": "Require(7) node_modules/egg-watcher/config/config.default.js",
    "start": 1577438473052,
    "end": 1577438473052,
    "duration": 0,
    "pid": 7952,
    "index": 10
  },
  {
    "name": "Require(8) node_modules/egg-schedule/config/config.default.js",
    "start": 1577438473052,
    "end": 1577438473053,
    "duration": 1,
    "pid": 7952,
    "index": 11
  },
  {
    "name": "Require(9) node_modules/egg-multipart/config/config.default.js",
    "start": 1577438473053,
    "end": 1577438473053,
    "duration": 0,
    "pid": 7952,
    "index": 12
  },
  {
    "name": "Require(10) node_modules/egg-development/config/config.default.js",
    "start": 1577438473054,
    "end": 1577438473054,
    "duration": 0,
    "pid": 7952,
    "index": 13
  },
  {
    "name": "Require(11) node_modules/egg-logrotator/config/config.default.js",
    "start": 1577438473054,
    "end": 1577438473054,
    "duration": 0,
    "pid": 7952,
    "index": 14
  },
  {
    "name": "Require(12) node_modules/egg-static/config/config.default.js",
    "start": 1577438473054,
    "end": 1577438473055,
    "duration": 1,
    "pid": 7952,
    "index": 15
  },
  {
    "name": "Require(13) node_modules/egg-view/config/config.default.js",
    "start": 1577438473055,
    "end": 1577438473055,
    "duration": 0,
    "pid": 7952,
    "index": 16
  },
  {
    "name": "Require(14) node_modules/@switchdog/egg-graphql/config/config.default.js",
    "start": 1577438473055,
    "end": 1577438473056,
    "duration": 1,
    "pid": 7952,
    "index": 17
  },
  {
    "name": "Require(15) node_modules/egg-sequelize/config/config.default.js",
    "start": 1577438473056,
    "end": 1577438473056,
    "duration": 0,
    "pid": 7952,
    "index": 18
  },
  {
    "name": "Require(16) node_modules/egg-cors/config/config.default.js",
    "start": 1577438473056,
    "end": 1577438473057,
    "duration": 1,
    "pid": 7952,
    "index": 19
  },
  {
    "name": "Require(17) node_modules/egg-redis/config/config.default.js",
    "start": 1577438473057,
    "end": 1577438473057,
    "duration": 0,
    "pid": 7952,
    "index": 20
  },
  {
    "name": "Require(18) node_modules/egg-view-ejs/config/config.default.js",
    "start": 1577438473057,
    "end": 1577438473058,
    "duration": 1,
    "pid": 7952,
    "index": 21
  },
  {
    "name": "Require(19) node_modules/egg-socket.io/config/config.default.js",
    "start": 1577438473058,
    "end": 1577438473058,
    "duration": 0,
    "pid": 7952,
    "index": 22
  },
  {
    "name": "Require(20) node_modules/egg/config/config.default.js",
    "start": 1577438473058,
    "end": 1577438473059,
    "duration": 1,
    "pid": 7952,
    "index": 23
  },
  {
    "name": "Require(21) config/config.default.ts",
    "start": 1577438473061,
    "end": 1577438473061,
    "duration": 0,
    "pid": 7952,
    "index": 24
  },
  {
    "name": "Require(22) node_modules/egg-security/config/config.local.js",
    "start": 1577438473063,
    "end": 1577438473063,
    "duration": 0,
    "pid": 7952,
    "index": 25
  },
  {
    "name": "Require(23) node_modules/egg-watcher/config/config.local.js",
    "start": 1577438473064,
    "end": 1577438473064,
    "duration": 0,
    "pid": 7952,
    "index": 26
  },
  {
    "name": "Require(24) node_modules/egg-view/config/config.local.js",
    "start": 1577438473065,
    "end": 1577438473065,
    "duration": 0,
    "pid": 7952,
    "index": 27
  },
  {
    "name": "Require(25) node_modules/egg-view-ejs/config/config.local.js",
    "start": 1577438473066,
    "end": 1577438473066,
    "duration": 0,
    "pid": 7952,
    "index": 28
  },
  {
    "name": "Require(26) node_modules/egg/config/config.local.js",
    "start": 1577438473067,
    "end": 1577438473067,
    "duration": 0,
    "pid": 7952,
    "index": 29
  },
  {
    "name": "Require(27) config/config.local.ts",
    "start": 1577438473067,
    "end": 1577438473067,
    "duration": 0,
    "pid": 7952,
    "index": 30
  },
  {
    "name": "Load extend/application.js",
    "start": 1577438473069,
    "end": 1577438473103,
    "duration": 34,
    "pid": 7952,
    "index": 31
  },
  {
    "name": "Require(28) node_modules/egg-session/app/extend/application.js",
    "start": 1577438473069,
    "end": 1577438473070,
    "duration": 1,
    "pid": 7952,
    "index": 32
  },
  {
    "name": "Require(29) node_modules/egg-security/app/extend/application.js",
    "start": 1577438473070,
    "end": 1577438473071,
    "duration": 1,
    "pid": 7952,
    "index": 33
  },
  {
    "name": "Require(30) node_modules/egg-jsonp/app/extend/application.js",
    "start": 1577438473071,
    "end": 1577438473072,
    "duration": 1,
    "pid": 7952,
    "index": 34
  },
  {
    "name": "Require(31) node_modules/egg-logrotator/app/extend/application.js",
    "start": 1577438473072,
    "end": 1577438473073,
    "duration": 1,
    "pid": 7952,
    "index": 35
  },
  {
    "name": "Require(32) node_modules/egg-view/app/extend/application.js",
    "start": 1577438473074,
    "end": 1577438473074,
    "duration": 0,
    "pid": 7952,
    "index": 36
  },
  {
    "name": "Require(33) node_modules/egg-socket.io/app/extend/application.js",
    "start": 1577438473075,
    "end": 1577438473101,
    "duration": 26,
    "pid": 7952,
    "index": 37
  },
  {
    "name": "Load extend/request.js",
    "start": 1577438473103,
    "end": 1577438473107,
    "duration": 4,
    "pid": 7952,
    "index": 38
  },
  {
    "name": "Require(34) node_modules/egg/app/extend/request.js",
    "start": 1577438473105,
    "end": 1577438473105,
    "duration": 0,
    "pid": 7952,
    "index": 39
  },
  {
    "name": "Load extend/response.js",
    "start": 1577438473107,
    "end": 1577438473114,
    "duration": 7,
    "pid": 7952,
    "index": 40
  },
  {
    "name": "Require(35) node_modules/egg/app/extend/response.js",
    "start": 1577438473111,
    "end": 1577438473113,
    "duration": 2,
    "pid": 7952,
    "index": 41
  },
  {
    "name": "Load extend/context.js",
    "start": 1577438473114,
    "end": 1577438473187,
    "duration": 73,
    "pid": 7952,
    "index": 42
  },
  {
    "name": "Require(36) node_modules/egg-security/app/extend/context.js",
    "start": 1577438473115,
    "end": 1577438473120,
    "duration": 5,
    "pid": 7952,
    "index": 43
  },
  {
    "name": "Require(37) node_modules/egg-jsonp/app/extend/context.js",
    "start": 1577438473121,
    "end": 1577438473122,
    "duration": 1,
    "pid": 7952,
    "index": 44
  },
  {
    "name": "Require(38) node_modules/egg-i18n/app/extend/context.js",
    "start": 1577438473122,
    "end": 1577438473122,
    "duration": 0,
    "pid": 7952,
    "index": 45
  },
  {
    "name": "Require(39) node_modules/egg-multipart/app/extend/context.js",
    "start": 1577438473122,
    "end": 1577438473180,
    "duration": 58,
    "pid": 7952,
    "index": 46
  },
  {
    "name": "Require(40) node_modules/egg-view/app/extend/context.js",
    "start": 1577438473181,
    "end": 1577438473181,
    "duration": 0,
    "pid": 7952,
    "index": 47
  },
  {
    "name": "Require(41) node_modules/@switchdog/egg-graphql/app/extend/context.js",
    "start": 1577438473182,
    "end": 1577438473182,
    "duration": 0,
    "pid": 7952,
    "index": 48
  },
  {
    "name": "Require(42) node_modules/egg/app/extend/context.js",
    "start": 1577438473182,
    "end": 1577438473184,
    "duration": 2,
    "pid": 7952,
    "index": 49
  },
  {
    "name": "Require(43) app/extend/context.ts",
    "start": 1577438473184,
    "end": 1577438473184,
    "duration": 0,
    "pid": 7952,
    "index": 50
  },
  {
    "name": "Load extend/helper.js",
    "start": 1577438473187,
    "end": 1577438473228,
    "duration": 41,
    "pid": 7952,
    "index": 51
  },
  {
    "name": "Require(44) node_modules/egg-security/app/extend/helper.js",
    "start": 1577438473187,
    "end": 1577438473198,
    "duration": 11,
    "pid": 7952,
    "index": 52
  },
  {
    "name": "Require(45) node_modules/egg/app/extend/helper.js",
    "start": 1577438473199,
    "end": 1577438473200,
    "duration": 1,
    "pid": 7952,
    "index": 53
  },
  {
    "name": "Require(46) app/extend/helper.ts",
    "start": 1577438473200,
    "end": 1577438473225,
    "duration": 25,
    "pid": 7952,
    "index": 54
  },
  {
    "name": "Load app.js",
    "start": 1577438473228,
    "end": 1577438473294,
    "duration": 66,
    "pid": 7952,
    "index": 55
  },
  {
    "name": "Require(47) node_modules/egg-session/app.js",
    "start": 1577438473228,
    "end": 1577438473228,
    "duration": 0,
    "pid": 7952,
    "index": 56
  },
  {
    "name": "Require(48) node_modules/egg-security/app.js",
    "start": 1577438473229,
    "end": 1577438473230,
    "duration": 1,
    "pid": 7952,
    "index": 57
  },
  {
    "name": "Require(49) node_modules/egg-onerror/app.js",
    "start": 1577438473230,
    "end": 1577438473235,
    "duration": 5,
    "pid": 7952,
    "index": 58
  },
  {
    "name": "Require(50) node_modules/egg-i18n/app.js",
    "start": 1577438473235,
    "end": 1577438473245,
    "duration": 10,
    "pid": 7952,
    "index": 59
  },
  {
    "name": "Require(51) node_modules/egg-watcher/app.js",
    "start": 1577438473245,
    "end": 1577438473247,
    "duration": 2,
    "pid": 7952,
    "index": 60
  },
  {
    "name": "Require(52) node_modules/egg-schedule/app.js",
    "start": 1577438473247,
    "end": 1577438473248,
    "duration": 1,
    "pid": 7952,
    "index": 61
  },
  {
    "name": "Require(53) node_modules/egg-multipart/app.js",
    "start": 1577438473248,
    "end": 1577438473249,
    "duration": 1,
    "pid": 7952,
    "index": 62
  },
  {
    "name": "Require(54) node_modules/egg-development/app.js",
    "start": 1577438473249,
    "end": 1577438473250,
    "duration": 1,
    "pid": 7952,
    "index": 63
  },
  {
    "name": "Require(55) node_modules/egg-logrotator/app.js",
    "start": 1577438473250,
    "end": 1577438473250,
    "duration": 0,
    "pid": 7952,
    "index": 64
  },
  {
    "name": "Require(56) node_modules/egg-static/app.js",
    "start": 1577438473250,
    "end": 1577438473251,
    "duration": 1,
    "pid": 7952,
    "index": 65
  },
  {
    "name": "Require(57) node_modules/@switchdog/egg-graphql/app.js",
    "start": 1577438473251,
    "end": 1577438473251,
    "duration": 0,
    "pid": 7952,
    "index": 66
  },
  {
    "name": "Require(58) node_modules/egg-sequelize/app.js",
    "start": 1577438473251,
    "end": 1577438473251,
    "duration": 0,
    "pid": 7952,
    "index": 67
  },
  {
    "name": "Require(59) node_modules/egg-cors/app.js",
    "start": 1577438473251,
    "end": 1577438473252,
    "duration": 1,
    "pid": 7952,
    "index": 68
  },
  {
    "name": "Require(60) node_modules/egg-redis/app.js",
    "start": 1577438473252,
    "end": 1577438473253,
    "duration": 1,
    "pid": 7952,
    "index": 69
  },
  {
    "name": "Require(61) node_modules/egg-view-ejs/app.js",
    "start": 1577438473253,
    "end": 1577438473253,
    "duration": 0,
    "pid": 7952,
    "index": 70
  },
  {
    "name": "Require(62) node_modules/egg-socket.io/app.js",
    "start": 1577438473253,
    "end": 1577438473292,
    "duration": 39,
    "pid": 7952,
    "index": 71
  },
  {
    "name": "Require(63) app.ts",
    "start": 1577438473292,
    "end": 1577438473293,
    "duration": 1,
    "pid": 7952,
    "index": 72
  },
  {
    "name": "Before Start in node_modules/egg-watcher/lib/init.js:15:14",
    "start": 1577438473313,
    "end": 1577438474610,
    "duration": 1297,
    "pid": 7952,
    "index": 73
  },
  {
    "name": "Loader Graphql",
    "start": 1577438473547,
    "end": 1577438473598,
    "duration": 51,
    "pid": 7952,
    "index": 74
  },
  {
    "name": "Load \"Symbol(model)\" to Application",
    "start": 1577438473882,
    "end": 1577438473900,
    "duration": 18,
    "pid": 7952,
    "index": 75
  },
  {
    "name": "Before Start in node_modules/egg-sequelize/lib/loader.js:39:7",
    "start": 1577438473902,
    "end": 1577438474627,
    "duration": 725,
    "pid": 7952,
    "index": 76
  },
  {
    "name": "Before Start in node_modules/egg-redis/lib/redis.js:53:7",
    "start": 1577438473940,
    "end": 1577438474596,
    "duration": 656,
    "pid": 7952,
    "index": 77
  },
  {
    "name": "Load Controller",
    "start": 1577438473954,
    "end": 1577438474527,
    "duration": 573,
    "pid": 7952,
    "index": 78
  },
  {
    "name": "Load \"controller\" to Application",
    "start": 1577438473954,
    "end": 1577438474527,
    "duration": 573,
    "pid": 7952,
    "index": 79
  },
  {
    "name": "Before Start in node_modules/egg-socket.io/lib/io.js:26:7",
    "start": 1577438473960,
    "end": 1577438474578,
    "duration": 618,
    "pid": 7952,
    "index": 80
  },
  {
    "name": "Load Service",
    "start": 1577438473963,
    "end": 1577438474320,
    "duration": 357,
    "pid": 7952,
    "index": 81
  },
  {
    "name": "Load \"service\" to Context",
    "start": 1577438473963,
    "end": 1577438474320,
    "duration": 357,
    "pid": 7952,
    "index": 82
  },
  {
    "name": "Load Middleware",
    "start": 1577438474320,
    "end": 1577438474527,
    "duration": 207,
    "pid": 7952,
    "index": 83
  },
  {
    "name": "Load \"middlewares\" to Application",
    "start": 1577438474320,
    "end": 1577438474485,
    "duration": 165,
    "pid": 7952,
    "index": 84
  },
  {
    "name": "Load Controller",
    "start": 1577438474527,
    "end": 1577438474549,
    "duration": 22,
    "pid": 7952,
    "index": 85
  },
  {
    "name": "Load \"controller\" to Application",
    "start": 1577438474527,
    "end": 1577438474549,
    "duration": 22,
    "pid": 7952,
    "index": 86
  },
  {
    "name": "Load Router",
    "start": 1577438474549,
    "end": 1577438474552,
    "duration": 3,
    "pid": 7952,
    "index": 87
  },
  {
    "name": "Require(64) app/router.ts",
    "start": 1577438474550,
    "end": 1577438474550,
    "duration": 0,
    "pid": 7952,
    "index": 88
  },
  {
    "name": "Before Start in node_modules/egg-core/lib/egg.js:303:10",
    "start": 1577438474550,
    "end": 1577438474578,
    "duration": 28,
    "pid": 7952,
    "index": 89
  }
]