[
  {
    "name": "Application Start",
    "start": 1577438421915,
    "end": 1577438423606,
    "duration": 1691,
    "pid": 7872,
    "index": 0
  },
  {
    "name": "Load Plugin",
    "start": 1577438421922,
    "end": 1577438421935,
    "duration": 13,
    "pid": 7872,
    "index": 1
  },
  {
    "name": "Load Config",
    "start": 1577438421936,
    "end": 1577438421960,
    "duration": 24,
    "pid": 7872,
    "index": 2
  },
  {
    "name": "Require(0) config/config.default.ts",
    "start": 1577438421938,
    "end": 1577438421940,
    "duration": 2,
    "pid": 7872,
    "index": 3
  },
  {
    "name": "Require(1) config/config.local.ts",
    "start": 1577438421943,
    "end": 1577438421944,
    "duration": 1,
    "pid": 7872,
    "index": 4
  },
  {
    "name": "Require(2) node_modules/egg-session/config/config.default.js",
    "start": 1577438421946,
    "end": 1577438421946,
    "duration": 0,
    "pid": 7872,
    "index": 5
  },
  {
    "name": "Require(3) node_modules/egg-security/config/config.default.js",
    "start": 1577438421946,
    "end": 1577438421947,
    "duration": 1,
    "pid": 7872,
    "index": 6
  },
  {
    "name": "Require(4) node_modules/egg-jsonp/config/config.default.js",
    "start": 1577438421947,
    "end": 1577438421948,
    "duration": 1,
    "pid": 7872,
    "index": 7
  },
  {
    "name": "Require(5) node_modules/egg-onerror/config/config.default.js",
    "start": 1577438421948,
    "end": 1577438421948,
    "duration": 0,
    "pid": 7872,
    "index": 8
  },
  {
    "name": "Require(6) node_modules/egg-i18n/config/config.default.js",
    "start": 1577438421948,
    "end": 1577438421948,
    "duration": 0,
    "pid": 7872,
    "index": 9
  },
  {
    "name": "Require(7) node_modules/egg-watcher/config/config.default.js",
    "start": 1577438421949,
    "end": 1577438421949,
    "duration": 0,
    "pid": 7872,
    "index": 10
  },
  {
    "name": "Require(8) node_modules/egg-schedule/config/config.default.js",
    "start": 1577438421949,
    "end": 1577438421949,
    "duration": 0,
    "pid": 7872,
    "index": 11
  },
  {
    "name": "Require(9) node_modules/egg-multipart/config/config.default.js",
    "start": 1577438421949,
    "end": 1577438421950,
    "duration": 1,
    "pid": 7872,
    "index": 12
  },
  {
    "name": "Require(10) node_modules/egg-development/config/config.default.js",
    "start": 1577438421950,
    "end": 1577438421950,
    "duration": 0,
    "pid": 7872,
    "index": 13
  },
  {
    "name": "Require(11) node_modules/egg-logrotator/config/config.default.js",
    "start": 1577438421950,
    "end": 1577438421951,
    "duration": 1,
    "pid": 7872,
    "index": 14
  },
  {
    "name": "Require(12) node_modules/egg-static/config/config.default.js",
    "start": 1577438421951,
    "end": 1577438421951,
    "duration": 0,
    "pid": 7872,
    "index": 15
  },
  {
    "name": "Require(13) node_modules/egg-view/config/config.default.js",
    "start": 1577438421952,
    "end": 1577438421952,
    "duration": 0,
    "pid": 7872,
    "index": 16
  },
  {
    "name": "Require(14) node_modules/@switchdog/egg-graphql/config/config.default.js",
    "start": 1577438421952,
    "end": 1577438421952,
    "duration": 0,
    "pid": 7872,
    "index": 17
  },
  {
    "name": "Require(15) node_modules/egg-sequelize/config/config.default.js",
    "start": 1577438421952,
    "end": 1577438421953,
    "duration": 1,
    "pid": 7872,
    "index": 18
  },
  {
    "name": "Require(16) node_modules/egg-cors/config/config.default.js",
    "start": 1577438421953,
    "end": 1577438421953,
    "duration": 0,
    "pid": 7872,
    "index": 19
  },
  {
    "name": "Require(17) node_modules/egg-redis/config/config.default.js",
    "start": 1577438421953,
    "end": 1577438421953,
    "duration": 0,
    "pid": 7872,
    "index": 20
  },
  {
    "name": "Require(18) node_modules/egg-view-ejs/config/config.default.js",
    "start": 1577438421954,
    "end": 1577438421954,
    "duration": 0,
    "pid": 7872,
    "index": 21
  },
  {
    "name": "Require(19) node_modules/egg-socket.io/config/config.default.js",
    "start": 1577438421954,
    "end": 1577438421954,
    "duration": 0,
    "pid": 7872,
    "index": 22
  },
  {
    "name": "Require(20) node_modules/egg/config/config.default.js",
    "start": 1577438421955,
    "end": 1577438421955,
    "duration": 0,
    "pid": 7872,
    "index": 23
  },
  {
    "name": "Require(21) config/config.default.ts",
    "start": 1577438421956,
    "end": 1577438421956,
    "duration": 0,
    "pid": 7872,
    "index": 24
  },
  {
    "name": "Require(22) node_modules/egg-security/config/config.local.js",
    "start": 1577438421957,
    "end": 1577438421957,
    "duration": 0,
    "pid": 7872,
    "index": 25
  },
  {
    "name": "Require(23) node_modules/egg-watcher/config/config.local.js",
    "start": 1577438421958,
    "end": 1577438421958,
    "duration": 0,
    "pid": 7872,
    "index": 26
  },
  {
    "name": "Require(24) node_modules/egg-view/config/config.local.js",
    "start": 1577438421958,
    "end": 1577438421958,
    "duration": 0,
    "pid": 7872,
    "index": 27
  },
  {
    "name": "Require(25) node_modules/egg-view-ejs/config/config.local.js",
    "start": 1577438421959,
    "end": 1577438421959,
    "duration": 0,
    "pid": 7872,
    "index": 28
  },
  {
    "name": "Require(26) node_modules/egg/config/config.local.js",
    "start": 1577438421959,
    "end": 1577438421960,
    "duration": 1,
    "pid": 7872,
    "index": 29
  },
  {
    "name": "Require(27) config/config.local.ts",
    "start": 1577438421960,
    "end": 1577438421960,
    "duration": 0,
    "pid": 7872,
    "index": 30
  },
  {
    "name": "Load extend/application.js",
    "start": 1577438421961,
    "end": 1577438421995,
    "duration": 34,
    "pid": 7872,
    "index": 31
  },
  {
    "name": "Require(28) node_modules/egg-session/app/extend/application.js",
    "start": 1577438421962,
    "end": 1577438421962,
    "duration": 0,
    "pid": 7872,
    "index": 32
  },
  {
    "name": "Require(29) node_modules/egg-security/app/extend/application.js",
    "start": 1577438421962,
    "end": 1577438421963,
    "duration": 1,
    "pid": 7872,
    "index": 33
  },
  {
    "name": "Require(30) node_modules/egg-jsonp/app/extend/application.js",
    "start": 1577438421963,
    "end": 1577438421964,
    "duration": 1,
    "pid": 7872,
    "index": 34
  },
  {
    "name": "Require(31) node_modules/egg-logrotator/app/extend/application.js",
    "start": 1577438421965,
    "end": 1577438421966,
    "duration": 1,
    "pid": 7872,
    "index": 35
  },
  {
    "name": "Require(32) node_modules/egg-view/app/extend/application.js",
    "start": 1577438421966,
    "end": 1577438421967,
    "duration": 1,
    "pid": 7872,
    "index": 36
  },
  {
    "name": "Require(33) node_modules/egg-socket.io/app/extend/application.js",
    "start": 1577438421967,
    "end": 1577438421993,
    "duration": 26,
    "pid": 7872,
    "index": 37
  },
  {
    "name": "Load extend/request.js",
    "start": 1577438421995,
    "end": 1577438421999,
    "duration": 4,
    "pid": 7872,
    "index": 38
  },
  {
    "name": "Require(34) node_modules/egg/app/extend/request.js",
    "start": 1577438421997,
    "end": 1577438421997,
    "duration": 0,
    "pid": 7872,
    "index": 39
  },
  {
    "name": "Load extend/response.js",
    "start": 1577438421999,
    "end": 1577438422004,
    "duration": 5,
    "pid": 7872,
    "index": 40
  },
  {
    "name": "Require(35) node_modules/egg/app/extend/response.js",
    "start": 1577438422001,
    "end": 1577438422002,
    "duration": 1,
    "pid": 7872,
    "index": 41
  },
  {
    "name": "Load extend/context.js",
    "start": 1577438422004,
    "end": 1577438422054,
    "duration": 50,
    "pid": 7872,
    "index": 42
  },
  {
    "name": "Require(36) node_modules/egg-security/app/extend/context.js",
    "start": 1577438422004,
    "end": 1577438422010,
    "duration": 6,
    "pid": 7872,
    "index": 43
  },
  {
    "name": "Require(37) node_modules/egg-jsonp/app/extend/context.js",
    "start": 1577438422010,
    "end": 1577438422011,
    "duration": 1,
    "pid": 7872,
    "index": 44
  },
  {
    "name": "Require(38) node_modules/egg-i18n/app/extend/context.js",
    "start": 1577438422012,
    "end": 1577438422012,
    "duration": 0,
    "pid": 7872,
    "index": 45
  },
  {
    "name": "Require(39) node_modules/egg-multipart/app/extend/context.js",
    "start": 1577438422012,
    "end": 1577438422047,
    "duration": 35,
    "pid": 7872,
    "index": 46
  },
  {
    "name": "Require(40) node_modules/egg-view/app/extend/context.js",
    "start": 1577438422048,
    "end": 1577438422049,
    "duration": 1,
    "pid": 7872,
    "index": 47
  },
  {
    "name": "Require(41) node_modules/@switchdog/egg-graphql/app/extend/context.js",
    "start": 1577438422049,
    "end": 1577438422049,
    "duration": 0,
    "pid": 7872,
    "index": 48
  },
  {
    "name": "Require(42) node_modules/egg/app/extend/context.js",
    "start": 1577438422050,
    "end": 1577438422051,
    "duration": 1,
    "pid": 7872,
    "index": 49
  },
  {
    "name": "Require(43) app/extend/context.ts",
    "start": 1577438422051,
    "end": 1577438422052,
    "duration": 1,
    "pid": 7872,
    "index": 50
  },
  {
    "name": "Load extend/helper.js",
    "start": 1577438422054,
    "end": 1577438422093,
    "duration": 39,
    "pid": 7872,
    "index": 51
  },
  {
    "name": "Require(44) node_modules/egg-security/app/extend/helper.js",
    "start": 1577438422054,
    "end": 1577438422064,
    "duration": 10,
    "pid": 7872,
    "index": 52
  },
  {
    "name": "Require(45) node_modules/egg/app/extend/helper.js",
    "start": 1577438422066,
    "end": 1577438422066,
    "duration": 0,
    "pid": 7872,
    "index": 53
  },
  {
    "name": "Require(46) app/extend/helper.ts",
    "start": 1577438422066,
    "end": 1577438422091,
    "duration": 25,
    "pid": 7872,
    "index": 54
  },
  {
    "name": "Load app.js",
    "start": 1577438422093,
    "end": 1577438422154,
    "duration": 61,
    "pid": 7872,
    "index": 55
  },
  {
    "name": "Require(47) node_modules/egg-session/app.js",
    "start": 1577438422093,
    "end": 1577438422094,
    "duration": 1,
    "pid": 7872,
    "index": 56
  },
  {
    "name": "Require(48) node_modules/egg-security/app.js",
    "start": 1577438422094,
    "end": 1577438422095,
    "duration": 1,
    "pid": 7872,
    "index": 57
  },
  {
    "name": "Require(49) node_modules/egg-onerror/app.js",
    "start": 1577438422095,
    "end": 1577438422100,
    "duration": 5,
    "pid": 7872,
    "index": 58
  },
  {
    "name": "Require(50) node_modules/egg-i18n/app.js",
    "start": 1577438422100,
    "end": 1577438422110,
    "duration": 10,
    "pid": 7872,
    "index": 59
  },
  {
    "name": "Require(51) node_modules/egg-watcher/app.js",
    "start": 1577438422110,
    "end": 1577438422112,
    "duration": 2,
    "pid": 7872,
    "index": 60
  },
  {
    "name": "Require(52) node_modules/egg-schedule/app.js",
    "start": 1577438422112,
    "end": 1577438422113,
    "duration": 1,
    "pid": 7872,
    "index": 61
  },
  {
    "name": "Require(53) node_modules/egg-multipart/app.js",
    "start": 1577438422114,
    "end": 1577438422115,
    "duration": 1,
    "pid": 7872,
    "index": 62
  },
  {
    "name": "Require(54) node_modules/egg-development/app.js",
    "start": 1577438422115,
    "end": 1577438422115,
    "duration": 0,
    "pid": 7872,
    "index": 63
  },
  {
    "name": "Require(55) node_modules/egg-logrotator/app.js",
    "start": 1577438422115,
    "end": 1577438422116,
    "duration": 1,
    "pid": 7872,
    "index": 64
  },
  {
    "name": "Require(56) node_modules/egg-static/app.js",
    "start": 1577438422116,
    "end": 1577438422116,
    "duration": 0,
    "pid": 7872,
    "index": 65
  },
  {
    "name": "Require(57) node_modules/@switchdog/egg-graphql/app.js",
    "start": 1577438422116,
    "end": 1577438422116,
    "duration": 0,
    "pid": 7872,
    "index": 66
  },
  {
    "name": "Require(58) node_modules/egg-sequelize/app.js",
    "start": 1577438422116,
    "end": 1577438422117,
    "duration": 1,
    "pid": 7872,
    "index": 67
  },
  {
    "name": "Require(59) node_modules/egg-cors/app.js",
    "start": 1577438422117,
    "end": 1577438422117,
    "duration": 0,
    "pid": 7872,
    "index": 68
  },
  {
    "name": "Require(60) node_modules/egg-redis/app.js",
    "start": 1577438422117,
    "end": 1577438422118,
    "duration": 1,
    "pid": 7872,
    "index": 69
  },
  {
    "name": "Require(61) node_modules/egg-view-ejs/app.js",
    "start": 1577438422118,
    "end": 1577438422118,
    "duration": 0,
    "pid": 7872,
    "index": 70
  },
  {
    "name": "Require(62) node_modules/egg-socket.io/app.js",
    "start": 1577438422118,
    "end": 1577438422153,
    "duration": 35,
    "pid": 7872,
    "index": 71
  },
  {
    "name": "Require(63) app.ts",
    "start": 1577438422153,
    "end": 1577438422154,
    "duration": 1,
    "pid": 7872,
    "index": 72
  },
  {
    "name": "Before Start in node_modules/egg-watcher/lib/init.js:15:14",
    "start": 1577438422178,
    "end": 1577438423585,
    "duration": 1407,
    "pid": 7872,
    "index": 73
  },
  {
    "name": "Loader Graphql",
    "start": 1577438422333,
    "end": 1577438422383,
    "duration": 50,
    "pid": 7872,
    "index": 74
  },
  {
    "name": "Load \"Symbol(model)\" to Application",
    "start": 1577438422622,
    "end": 1577438422641,
    "duration": 19,
    "pid": 7872,
    "index": 75
  },
  {
    "name": "Before Start in node_modules/egg-sequelize/lib/loader.js:39:7",
    "start": 1577438422643,
    "end": 1577438423604,
    "duration": 961,
    "pid": 7872,
    "index": 76
  },
  {
    "name": "Before Start in node_modules/egg-redis/lib/redis.js:53:7",
    "start": 1577438422683,
    "end": 1577438423569,
    "duration": 886,
    "pid": 7872,
    "index": 77
  },
  {
    "name": "Load Controller",
    "start": 1577438422697,
    "end": 1577438423496,
    "duration": 799,
    "pid": 7872,
    "index": 78
  },
  {
    "name": "Load \"controller\" to Application",
    "start": 1577438422697,
    "end": 1577438423496,
    "duration": 799,
    "pid": 7872,
    "index": 79
  },
  {
    "name": "Before Start in node_modules/egg-socket.io/lib/io.js:26:7",
    "start": 1577438422702,
    "end": 1577438423550,
    "duration": 848,
    "pid": 7872,
    "index": 80
  },
  {
    "name": "Load Service",
    "start": 1577438422706,
    "end": 1577438423212,
    "duration": 506,
    "pid": 7872,
    "index": 81
  },
  {
    "name": "Load \"service\" to Context",
    "start": 1577438422706,
    "end": 1577438423212,
    "duration": 506,
    "pid": 7872,
    "index": 82
  },
  {
    "name": "Load Middleware",
    "start": 1577438423212,
    "end": 1577438423496,
    "duration": 284,
    "pid": 7872,
    "index": 83
  },
  {
    "name": "Load \"middlewares\" to Application",
    "start": 1577438423212,
    "end": 1577438423422,
    "duration": 210,
    "pid": 7872,
    "index": 84
  },
  {
    "name": "Load Controller",
    "start": 1577438423496,
    "end": 1577438423520,
    "duration": 24,
    "pid": 7872,
    "index": 85
  },
  {
    "name": "Load \"controller\" to Application",
    "start": 1577438423496,
    "end": 1577438423520,
    "duration": 24,
    "pid": 7872,
    "index": 86
  },
  {
    "name": "Load Router",
    "start": 1577438423520,
    "end": 1577438423523,
    "duration": 3,
    "pid": 7872,
    "index": 87
  },
  {
    "name": "Require(64) app/router.ts",
    "start": 1577438423520,
    "end": 1577438423521,
    "duration": 1,
    "pid": 7872,
    "index": 88
  },
  {
    "name": "Before Start in node_modules/egg-core/lib/egg.js:303:10",
    "start": 1577438423521,
    "end": 1577438423550,
    "duration": 29,
    "pid": 7872,
    "index": 89
  }
]