[
  {
    "name": "Application Start",
    "start": 1577438469214,
    "end": 1577438471632,
    "duration": 2418,
    "pid": 7923,
    "index": 0
  },
  {
    "name": "Load Plugin",
    "start": 1577438469224,
    "end": 1577438469260,
    "duration": 36,
    "pid": 7923,
    "index": 1
  },
  {
    "name": "Load Config",
    "start": 1577438469261,
    "end": 1577438469284,
    "duration": 23,
    "pid": 7923,
    "index": 2
  },
  {
    "name": "Require(0) config/config.default.ts",
    "start": 1577438469262,
    "end": 1577438469265,
    "duration": 3,
    "pid": 7923,
    "index": 3
  },
  {
    "name": "Require(1) config/config.local.ts",
    "start": 1577438469268,
    "end": 1577438469269,
    "duration": 1,
    "pid": 7923,
    "index": 4
  },
  {
    "name": "Require(2) node_modules/egg-session/config/config.default.js",
    "start": 1577438469270,
    "end": 1577438469270,
    "duration": 0,
    "pid": 7923,
    "index": 5
  },
  {
    "name": "Require(3) node_modules/egg-security/config/config.default.js",
    "start": 1577438469270,
    "end": 1577438469271,
    "duration": 1,
    "pid": 7923,
    "index": 6
  },
  {
    "name": "Require(4) node_modules/egg-jsonp/config/config.default.js",
    "start": 1577438469271,
    "end": 1577438469271,
    "duration": 0,
    "pid": 7923,
    "index": 7
  },
  {
    "name": "Require(5) node_modules/egg-onerror/config/config.default.js",
    "start": 1577438469272,
    "end": 1577438469272,
    "duration": 0,
    "pid": 7923,
    "index": 8
  },
  {
    "name": "Require(6) node_modules/egg-i18n/config/config.default.js",
    "start": 1577438469272,
    "end": 1577438469272,
    "duration": 0,
    "pid": 7923,
    "index": 9
  },
  {
    "name": "Require(7) node_modules/egg-watcher/config/config.default.js",
    "start": 1577438469273,
    "end": 1577438469273,
    "duration": 0,
    "pid": 7923,
    "index": 10
  },
  {
    "name": "Require(8) node_modules/egg-schedule/config/config.default.js",
    "start": 1577438469273,
    "end": 1577438469273,
    "duration": 0,
    "pid": 7923,
    "index": 11
  },
  {
    "name": "Require(9) node_modules/egg-multipart/config/config.default.js",
    "start": 1577438469274,
    "end": 1577438469274,
    "duration": 0,
    "pid": 7923,
    "index": 12
  },
  {
    "name": "Require(10) node_modules/egg-development/config/config.default.js",
    "start": 1577438469274,
    "end": 1577438469275,
    "duration": 1,
    "pid": 7923,
    "index": 13
  },
  {
    "name": "Require(11) node_modules/egg-logrotator/config/config.default.js",
    "start": 1577438469275,
    "end": 1577438469275,
    "duration": 0,
    "pid": 7923,
    "index": 14
  },
  {
    "name": "Require(12) node_modules/egg-static/config/config.default.js",
    "start": 1577438469275,
    "end": 1577438469275,
    "duration": 0,
    "pid": 7923,
    "index": 15
  },
  {
    "name": "Require(13) node_modules/egg-view/config/config.default.js",
    "start": 1577438469276,
    "end": 1577438469276,
    "duration": 0,
    "pid": 7923,
    "index": 16
  },
  {
    "name": "Require(14) node_modules/@switchdog/egg-graphql/config/config.default.js",
    "start": 1577438469276,
    "end": 1577438469276,
    "duration": 0,
    "pid": 7923,
    "index": 17
  },
  {
    "name": "Require(15) node_modules/egg-sequelize/config/config.default.js",
    "start": 1577438469277,
    "end": 1577438469277,
    "duration": 0,
    "pid": 7923,
    "index": 18
  },
  {
    "name": "Require(16) node_modules/egg-cors/config/config.default.js",
    "start": 1577438469277,
    "end": 1577438469277,
    "duration": 0,
    "pid": 7923,
    "index": 19
  },
  {
    "name": "Require(17) node_modules/egg-redis/config/config.default.js",
    "start": 1577438469277,
    "end": 1577438469278,
    "duration": 1,
    "pid": 7923,
    "index": 20
  },
  {
    "name": "Require(18) node_modules/egg-view-ejs/config/config.default.js",
    "start": 1577438469278,
    "end": 1577438469278,
    "duration": 0,
    "pid": 7923,
    "index": 21
  },
  {
    "name": "Require(19) node_modules/egg-socket.io/config/config.default.js",
    "start": 1577438469278,
    "end": 1577438469278,
    "duration": 0,
    "pid": 7923,
    "index": 22
  },
  {
    "name": "Require(20) node_modules/egg/config/config.default.js",
    "start": 1577438469279,
    "end": 1577438469279,
    "duration": 0,
    "pid": 7923,
    "index": 23
  },
  {
    "name": "Require(21) config/config.default.ts",
    "start": 1577438469280,
    "end": 1577438469280,
    "duration": 0,
    "pid": 7923,
    "index": 24
  },
  {
    "name": "Require(22) node_modules/egg-security/config/config.local.js",
    "start": 1577438469281,
    "end": 1577438469281,
    "duration": 0,
    "pid": 7923,
    "index": 25
  },
  {
    "name": "Require(23) node_modules/egg-watcher/config/config.local.js",
    "start": 1577438469282,
    "end": 1577438469282,
    "duration": 0,
    "pid": 7923,
    "index": 26
  },
  {
    "name": "Require(24) node_modules/egg-view/config/config.local.js",
    "start": 1577438469283,
    "end": 1577438469283,
    "duration": 0,
    "pid": 7923,
    "index": 27
  },
  {
    "name": "Require(25) node_modules/egg-view-ejs/config/config.local.js",
    "start": 1577438469283,
    "end": 1577438469284,
    "duration": 1,
    "pid": 7923,
    "index": 28
  },
  {
    "name": "Require(26) node_modules/egg/config/config.local.js",
    "start": 1577438469284,
    "end": 1577438469284,
    "duration": 0,
    "pid": 7923,
    "index": 29
  },
  {
    "name": "Require(27) config/config.local.ts",
    "start": 1577438469284,
    "end": 1577438469284,
    "duration": 0,
    "pid": 7923,
    "index": 30
  },
  {
    "name": "Load extend/application.js",
    "start": 1577438469287,
    "end": 1577438469322,
    "duration": 35,
    "pid": 7923,
    "index": 31
  },
  {
    "name": "Require(28) node_modules/egg-session/app/extend/application.js",
    "start": 1577438469287,
    "end": 1577438469288,
    "duration": 1,
    "pid": 7923,
    "index": 32
  },
  {
    "name": "Require(29) node_modules/egg-security/app/extend/application.js",
    "start": 1577438469288,
    "end": 1577438469289,
    "duration": 1,
    "pid": 7923,
    "index": 33
  },
  {
    "name": "Require(30) node_modules/egg-jsonp/app/extend/application.js",
    "start": 1577438469289,
    "end": 1577438469290,
    "duration": 1,
    "pid": 7923,
    "index": 34
  },
  {
    "name": "Require(31) node_modules/egg-logrotator/app/extend/application.js",
    "start": 1577438469291,
    "end": 1577438469292,
    "duration": 1,
    "pid": 7923,
    "index": 35
  },
  {
    "name": "Require(32) node_modules/egg-view/app/extend/application.js",
    "start": 1577438469292,
    "end": 1577438469293,
    "duration": 1,
    "pid": 7923,
    "index": 36
  },
  {
    "name": "Require(33) node_modules/egg-socket.io/app/extend/application.js",
    "start": 1577438469293,
    "end": 1577438469318,
    "duration": 25,
    "pid": 7923,
    "index": 37
  },
  {
    "name": "Load extend/request.js",
    "start": 1577438469322,
    "end": 1577438469330,
    "duration": 8,
    "pid": 7923,
    "index": 38
  },
  {
    "name": "Require(34) node_modules/egg/app/extend/request.js",
    "start": 1577438469325,
    "end": 1577438469326,
    "duration": 1,
    "pid": 7923,
    "index": 39
  },
  {
    "name": "Load extend/response.js",
    "start": 1577438469330,
    "end": 1577438469337,
    "duration": 7,
    "pid": 7923,
    "index": 40
  },
  {
    "name": "Require(35) node_modules/egg/app/extend/response.js",
    "start": 1577438469333,
    "end": 1577438469334,
    "duration": 1,
    "pid": 7923,
    "index": 41
  },
  {
    "name": "Load extend/context.js",
    "start": 1577438469337,
    "end": 1577438469401,
    "duration": 64,
    "pid": 7923,
    "index": 42
  },
  {
    "name": "Require(36) node_modules/egg-security/app/extend/context.js",
    "start": 1577438469337,
    "end": 1577438469344,
    "duration": 7,
    "pid": 7923,
    "index": 43
  },
  {
    "name": "Require(37) node_modules/egg-jsonp/app/extend/context.js",
    "start": 1577438469344,
    "end": 1577438469345,
    "duration": 1,
    "pid": 7923,
    "index": 44
  },
  {
    "name": "Require(38) node_modules/egg-i18n/app/extend/context.js",
    "start": 1577438469346,
    "end": 1577438469346,
    "duration": 0,
    "pid": 7923,
    "index": 45
  },
  {
    "name": "Require(39) node_modules/egg-multipart/app/extend/context.js",
    "start": 1577438469346,
    "end": 1577438469394,
    "duration": 48,
    "pid": 7923,
    "index": 46
  },
  {
    "name": "Require(40) node_modules/egg-view/app/extend/context.js",
    "start": 1577438469395,
    "end": 1577438469396,
    "duration": 1,
    "pid": 7923,
    "index": 47
  },
  {
    "name": "Require(41) node_modules/@switchdog/egg-graphql/app/extend/context.js",
    "start": 1577438469396,
    "end": 1577438469397,
    "duration": 1,
    "pid": 7923,
    "index": 48
  },
  {
    "name": "Require(42) node_modules/egg/app/extend/context.js",
    "start": 1577438469397,
    "end": 1577438469398,
    "duration": 1,
    "pid": 7923,
    "index": 49
  },
  {
    "name": "Require(43) app/extend/context.ts",
    "start": 1577438469399,
    "end": 1577438469399,
    "duration": 0,
    "pid": 7923,
    "index": 50
  },
  {
    "name": "Load extend/helper.js",
    "start": 1577438469401,
    "end": 1577438469451,
    "duration": 50,
    "pid": 7923,
    "index": 51
  },
  {
    "name": "Require(44) node_modules/egg-security/app/extend/helper.js",
    "start": 1577438469402,
    "end": 1577438469417,
    "duration": 15,
    "pid": 7923,
    "index": 52
  },
  {
    "name": "Require(45) node_modules/egg/app/extend/helper.js",
    "start": 1577438469419,
    "end": 1577438469420,
    "duration": 1,
    "pid": 7923,
    "index": 53
  },
  {
    "name": "Require(46) app/extend/helper.ts",
    "start": 1577438469420,
    "end": 1577438469449,
    "duration": 29,
    "pid": 7923,
    "index": 54
  },
  {
    "name": "Load app.js",
    "start": 1577438469451,
    "end": 1577438469535,
    "duration": 84,
    "pid": 7923,
    "index": 55
  },
  {
    "name": "Require(47) node_modules/egg-session/app.js",
    "start": 1577438469451,
    "end": 1577438469452,
    "duration": 1,
    "pid": 7923,
    "index": 56
  },
  {
    "name": "Require(48) node_modules/egg-security/app.js",
    "start": 1577438469452,
    "end": 1577438469454,
    "duration": 2,
    "pid": 7923,
    "index": 57
  },
  {
    "name": "Require(49) node_modules/egg-onerror/app.js",
    "start": 1577438469454,
    "end": 1577438469460,
    "duration": 6,
    "pid": 7923,
    "index": 58
  },
  {
    "name": "Require(50) node_modules/egg-i18n/app.js",
    "start": 1577438469460,
    "end": 1577438469474,
    "duration": 14,
    "pid": 7923,
    "index": 59
  },
  {
    "name": "Require(51) node_modules/egg-watcher/app.js",
    "start": 1577438469474,
    "end": 1577438469476,
    "duration": 2,
    "pid": 7923,
    "index": 60
  },
  {
    "name": "Require(52) node_modules/egg-schedule/app.js",
    "start": 1577438469476,
    "end": 1577438469477,
    "duration": 1,
    "pid": 7923,
    "index": 61
  },
  {
    "name": "Require(53) node_modules/egg-multipart/app.js",
    "start": 1577438469477,
    "end": 1577438469478,
    "duration": 1,
    "pid": 7923,
    "index": 62
  },
  {
    "name": "Require(54) node_modules/egg-development/app.js",
    "start": 1577438469479,
    "end": 1577438469479,
    "duration": 0,
    "pid": 7923,
    "index": 63
  },
  {
    "name": "Require(55) node_modules/egg-logrotator/app.js",
    "start": 1577438469479,
    "end": 1577438469479,
    "duration": 0,
    "pid": 7923,
    "index": 64
  },
  {
    "name": "Require(56) node_modules/egg-static/app.js",
    "start": 1577438469479,
    "end": 1577438469479,
    "duration": 0,
    "pid": 7923,
    "index": 65
  },
  {
    "name": "Require(57) node_modules/@switchdog/egg-graphql/app.js",
    "start": 1577438469480,
    "end": 1577438469480,
    "duration": 0,
    "pid": 7923,
    "index": 66
  },
  {
    "name": "Require(58) node_modules/egg-sequelize/app.js",
    "start": 1577438469480,
    "end": 1577438469480,
    "duration": 0,
    "pid": 7923,
    "index": 67
  },
  {
    "name": "Require(59) node_modules/egg-cors/app.js",
    "start": 1577438469480,
    "end": 1577438469481,
    "duration": 1,
    "pid": 7923,
    "index": 68
  },
  {
    "name": "Require(60) node_modules/egg-redis/app.js",
    "start": 1577438469481,
    "end": 1577438469481,
    "duration": 0,
    "pid": 7923,
    "index": 69
  },
  {
    "name": "Require(61) node_modules/egg-view-ejs/app.js",
    "start": 1577438469482,
    "end": 1577438469482,
    "duration": 0,
    "pid": 7923,
    "index": 70
  },
  {
    "name": "Require(62) node_modules/egg-socket.io/app.js",
    "start": 1577438469482,
    "end": 1577438469533,
    "duration": 51,
    "pid": 7923,
    "index": 71
  },
  {
    "name": "Require(63) app.ts",
    "start": 1577438469534,
    "end": 1577438469535,
    "duration": 1,
    "pid": 7923,
    "index": 72
  },
  {
    "name": "Before Start in node_modules/egg-watcher/lib/init.js:15:14",
    "start": 1577438469575,
    "end": 1577438471596,
    "duration": 2021,
    "pid": 7923,
    "index": 73
  },
  {
    "name": "Loader Graphql",
    "start": 1577438470117,
    "end": 1577438470167,
    "duration": 50,
    "pid": 7923,
    "index": 74
  },
  {
    "name": "Load \"Symbol(model)\" to Application",
    "start": 1577438470511,
    "end": 1577438470533,
    "duration": 22,
    "pid": 7923,
    "index": 75
  },
  {
    "name": "Before Start in node_modules/egg-sequelize/lib/loader.js:39:7",
    "start": 1577438470537,
    "end": 1577438471631,
    "duration": 1094,
    "pid": 7923,
    "index": 76
  },
  {
    "name": "Before Start in node_modules/egg-redis/lib/redis.js:53:7",
    "start": 1577438470681,
    "end": 1577438471551,
    "duration": 870,
    "pid": 7923,
    "index": 77
  },
  {
    "name": "Load Controller",
    "start": 1577438470695,
    "end": 1577438471355,
    "duration": 660,
    "pid": 7923,
    "index": 78
  },
  {
    "name": "Load \"controller\" to Application",
    "start": 1577438470695,
    "end": 1577438471355,
    "duration": 660,
    "pid": 7923,
    "index": 79
  },
  {
    "name": "Before Start in node_modules/egg-socket.io/lib/io.js:26:7",
    "start": 1577438470700,
    "end": 1577438471426,
    "duration": 726,
    "pid": 7923,
    "index": 80
  },
  {
    "name": "Load Service",
    "start": 1577438470704,
    "end": 1577438471052,
    "duration": 348,
    "pid": 7923,
    "index": 81
  },
  {
    "name": "Load \"service\" to Context",
    "start": 1577438470704,
    "end": 1577438471051,
    "duration": 347,
    "pid": 7923,
    "index": 82
  },
  {
    "name": "Load Middleware",
    "start": 1577438471052,
    "end": 1577438471355,
    "duration": 303,
    "pid": 7923,
    "index": 83
  },
  {
    "name": "Load \"middlewares\" to Application",
    "start": 1577438471052,
    "end": 1577438471306,
    "duration": 254,
    "pid": 7923,
    "index": 84
  },
  {
    "name": "Load Controller",
    "start": 1577438471355,
    "end": 1577438471378,
    "duration": 23,
    "pid": 7923,
    "index": 85
  },
  {
    "name": "Load \"controller\" to Application",
    "start": 1577438471355,
    "end": 1577438471378,
    "duration": 23,
    "pid": 7923,
    "index": 86
  },
  {
    "name": "Load Router",
    "start": 1577438471378,
    "end": 1577438471380,
    "duration": 2,
    "pid": 7923,
    "index": 87
  },
  {
    "name": "Require(64) app/router.ts",
    "start": 1577438471378,
    "end": 1577438471379,
    "duration": 1,
    "pid": 7923,
    "index": 88
  },
  {
    "name": "Before Start in node_modules/egg-core/lib/egg.js:303:10",
    "start": 1577438471379,
    "end": 1577438471426,
    "duration": 47,
    "pid": 7923,
    "index": 89
  }
]