[
  {
    "name": "Application Start",
    "start": 1577438350071,
    "end": 1577438355379,
    "duration": 5308,
    "pid": 7794,
    "index": 0
  },
  {
    "name": "Load Plugin",
    "start": 1577438350084,
    "end": 1577438350096,
    "duration": 12,
    "pid": 7794,
    "index": 1
  },
  {
    "name": "Load Config",
    "start": 1577438350096,
    "end": 1577438350116,
    "duration": 20,
    "pid": 7794,
    "index": 2
  },
  {
    "name": "Require(0) config/config.default.ts",
    "start": 1577438350097,
    "end": 1577438350098,
    "duration": 1,
    "pid": 7794,
    "index": 3
  },
  {
    "name": "Require(1) config/config.local.ts",
    "start": 1577438350100,
    "end": 1577438350101,
    "duration": 1,
    "pid": 7794,
    "index": 4
  },
  {
    "name": "Require(2) node_modules/egg-session/config/config.default.js",
    "start": 1577438350102,
    "end": 1577438350102,
    "duration": 0,
    "pid": 7794,
    "index": 5
  },
  {
    "name": "Require(3) node_modules/egg-security/config/config.default.js",
    "start": 1577438350102,
    "end": 1577438350102,
    "duration": 0,
    "pid": 7794,
    "index": 6
  },
  {
    "name": "Require(4) node_modules/egg-jsonp/config/config.default.js",
    "start": 1577438350103,
    "end": 1577438350103,
    "duration": 0,
    "pid": 7794,
    "index": 7
  },
  {
    "name": "Require(5) node_modules/egg-onerror/config/config.default.js",
    "start": 1577438350103,
    "end": 1577438350104,
    "duration": 1,
    "pid": 7794,
    "index": 8
  },
  {
    "name": "Require(6) node_modules/egg-i18n/config/config.default.js",
    "start": 1577438350104,
    "end": 1577438350104,
    "duration": 0,
    "pid": 7794,
    "index": 9
  },
  {
    "name": "Require(7) node_modules/egg-watcher/config/config.default.js",
    "start": 1577438350104,
    "end": 1577438350104,
    "duration": 0,
    "pid": 7794,
    "index": 10
  },
  {
    "name": "Require(8) node_modules/egg-schedule/config/config.default.js",
    "start": 1577438350105,
    "end": 1577438350105,
    "duration": 0,
    "pid": 7794,
    "index": 11
  },
  {
    "name": "Require(9) node_modules/egg-multipart/config/config.default.js",
    "start": 1577438350105,
    "end": 1577438350105,
    "duration": 0,
    "pid": 7794,
    "index": 12
  },
  {
    "name": "Require(10) node_modules/egg-development/config/config.default.js",
    "start": 1577438350106,
    "end": 1577438350106,
    "duration": 0,
    "pid": 7794,
    "index": 13
  },
  {
    "name": "Require(11) node_modules/egg-logrotator/config/config.default.js",
    "start": 1577438350106,
    "end": 1577438350106,
    "duration": 0,
    "pid": 7794,
    "index": 14
  },
  {
    "name": "Require(12) node_modules/egg-static/config/config.default.js",
    "start": 1577438350106,
    "end": 1577438350107,
    "duration": 1,
    "pid": 7794,
    "index": 15
  },
  {
    "name": "Require(13) node_modules/egg-view/config/config.default.js",
    "start": 1577438350107,
    "end": 1577438350107,
    "duration": 0,
    "pid": 7794,
    "index": 16
  },
  {
    "name": "Require(14) node_modules/@switchdog/egg-graphql/config/config.default.js",
    "start": 1577438350107,
    "end": 1577438350107,
    "duration": 0,
    "pid": 7794,
    "index": 17
  },
  {
    "name": "Require(15) node_modules/egg-sequelize/config/config.default.js",
    "start": 1577438350108,
    "end": 1577438350108,
    "duration": 0,
    "pid": 7794,
    "index": 18
  },
  {
    "name": "Require(16) node_modules/egg-cors/config/config.default.js",
    "start": 1577438350108,
    "end": 1577438350108,
    "duration": 0,
    "pid": 7794,
    "index": 19
  },
  {
    "name": "Require(17) node_modules/egg-redis/config/config.default.js",
    "start": 1577438350108,
    "end": 1577438350109,
    "duration": 1,
    "pid": 7794,
    "index": 20
  },
  {
    "name": "Require(18) node_modules/egg-view-ejs/config/config.default.js",
    "start": 1577438350109,
    "end": 1577438350109,
    "duration": 0,
    "pid": 7794,
    "index": 21
  },
  {
    "name": "Require(19) node_modules/egg-socket.io/config/config.default.js",
    "start": 1577438350109,
    "end": 1577438350109,
    "duration": 0,
    "pid": 7794,
    "index": 22
  },
  {
    "name": "Require(20) node_modules/egg/config/config.default.js",
    "start": 1577438350110,
    "end": 1577438350110,
    "duration": 0,
    "pid": 7794,
    "index": 23
  },
  {
    "name": "Require(21) config/config.default.ts",
    "start": 1577438350112,
    "end": 1577438350112,
    "duration": 0,
    "pid": 7794,
    "index": 24
  },
  {
    "name": "Require(22) node_modules/egg-security/config/config.local.js",
    "start": 1577438350113,
    "end": 1577438350113,
    "duration": 0,
    "pid": 7794,
    "index": 25
  },
  {
    "name": "Require(23) node_modules/egg-watcher/config/config.local.js",
    "start": 1577438350114,
    "end": 1577438350114,
    "duration": 0,
    "pid": 7794,
    "index": 26
  },
  {
    "name": "Require(24) node_modules/egg-view/config/config.local.js",
    "start": 1577438350114,
    "end": 1577438350115,
    "duration": 1,
    "pid": 7794,
    "index": 27
  },
  {
    "name": "Require(25) node_modules/egg-view-ejs/config/config.local.js",
    "start": 1577438350115,
    "end": 1577438350115,
    "duration": 0,
    "pid": 7794,
    "index": 28
  },
  {
    "name": "Require(26) node_modules/egg/config/config.local.js",
    "start": 1577438350116,
    "end": 1577438350116,
    "duration": 0,
    "pid": 7794,
    "index": 29
  },
  {
    "name": "Require(27) config/config.local.ts",
    "start": 1577438350116,
    "end": 1577438350116,
    "duration": 0,
    "pid": 7794,
    "index": 30
  },
  {
    "name": "Load extend/application.js",
    "start": 1577438350118,
    "end": 1577438350151,
    "duration": 33,
    "pid": 7794,
    "index": 31
  },
  {
    "name": "Require(28) node_modules/egg-session/app/extend/application.js",
    "start": 1577438350118,
    "end": 1577438350118,
    "duration": 0,
    "pid": 7794,
    "index": 32
  },
  {
    "name": "Require(29) node_modules/egg-security/app/extend/application.js",
    "start": 1577438350118,
    "end": 1577438350119,
    "duration": 1,
    "pid": 7794,
    "index": 33
  },
  {
    "name": "Require(30) node_modules/egg-jsonp/app/extend/application.js",
    "start": 1577438350119,
    "end": 1577438350120,
    "duration": 1,
    "pid": 7794,
    "index": 34
  },
  {
    "name": "Require(31) node_modules/egg-logrotator/app/extend/application.js",
    "start": 1577438350121,
    "end": 1577438350122,
    "duration": 1,
    "pid": 7794,
    "index": 35
  },
  {
    "name": "Require(32) node_modules/egg-view/app/extend/application.js",
    "start": 1577438350122,
    "end": 1577438350123,
    "duration": 1,
    "pid": 7794,
    "index": 36
  },
  {
    "name": "Require(33) node_modules/egg-socket.io/app/extend/application.js",
    "start": 1577438350123,
    "end": 1577438350148,
    "duration": 25,
    "pid": 7794,
    "index": 37
  },
  {
    "name": "Load extend/request.js",
    "start": 1577438350152,
    "end": 1577438350158,
    "duration": 6,
    "pid": 7794,
    "index": 38
  },
  {
    "name": "Require(34) node_modules/egg/app/extend/request.js",
    "start": 1577438350154,
    "end": 1577438350155,
    "duration": 1,
    "pid": 7794,
    "index": 39
  },
  {
    "name": "Load extend/response.js",
    "start": 1577438350158,
    "end": 1577438350166,
    "duration": 8,
    "pid": 7794,
    "index": 40
  },
  {
    "name": "Require(35) node_modules/egg/app/extend/response.js",
    "start": 1577438350161,
    "end": 1577438350162,
    "duration": 1,
    "pid": 7794,
    "index": 41
  },
  {
    "name": "Load extend/context.js",
    "start": 1577438350166,
    "end": 1577438350216,
    "duration": 50,
    "pid": 7794,
    "index": 42
  },
  {
    "name": "Require(36) node_modules/egg-security/app/extend/context.js",
    "start": 1577438350166,
    "end": 1577438350173,
    "duration": 7,
    "pid": 7794,
    "index": 43
  },
  {
    "name": "Require(37) node_modules/egg-jsonp/app/extend/context.js",
    "start": 1577438350174,
    "end": 1577438350175,
    "duration": 1,
    "pid": 7794,
    "index": 44
  },
  {
    "name": "Require(38) node_modules/egg-i18n/app/extend/context.js",
    "start": 1577438350175,
    "end": 1577438350175,
    "duration": 0,
    "pid": 7794,
    "index": 45
  },
  {
    "name": "Require(39) node_modules/egg-multipart/app/extend/context.js",
    "start": 1577438350176,
    "end": 1577438350210,
    "duration": 34,
    "pid": 7794,
    "index": 46
  },
  {
    "name": "Require(40) node_modules/egg-view/app/extend/context.js",
    "start": 1577438350210,
    "end": 1577438350211,
    "duration": 1,
    "pid": 7794,
    "index": 47
  },
  {
    "name": "Require(41) node_modules/@switchdog/egg-graphql/app/extend/context.js",
    "start": 1577438350211,
    "end": 1577438350212,
    "duration": 1,
    "pid": 7794,
    "index": 48
  },
  {
    "name": "Require(42) node_modules/egg/app/extend/context.js",
    "start": 1577438350212,
    "end": 1577438350213,
    "duration": 1,
    "pid": 7794,
    "index": 49
  },
  {
    "name": "Require(43) app/extend/context.ts",
    "start": 1577438350213,
    "end": 1577438350214,
    "duration": 1,
    "pid": 7794,
    "index": 50
  },
  {
    "name": "Load extend/helper.js",
    "start": 1577438350216,
    "end": 1577438350253,
    "duration": 37,
    "pid": 7794,
    "index": 51
  },
  {
    "name": "Require(44) node_modules/egg-security/app/extend/helper.js",
    "start": 1577438350216,
    "end": 1577438350226,
    "duration": 10,
    "pid": 7794,
    "index": 52
  },
  {
    "name": "Require(45) node_modules/egg/app/extend/helper.js",
    "start": 1577438350227,
    "end": 1577438350228,
    "duration": 1,
    "pid": 7794,
    "index": 53
  },
  {
    "name": "Require(46) app/extend/helper.ts",
    "start": 1577438350228,
    "end": 1577438350251,
    "duration": 23,
    "pid": 7794,
    "index": 54
  },
  {
    "name": "Load app.js",
    "start": 1577438350254,
    "end": 1577438350327,
    "duration": 73,
    "pid": 7794,
    "index": 55
  },
  {
    "name": "Require(47) node_modules/egg-session/app.js",
    "start": 1577438350254,
    "end": 1577438350254,
    "duration": 0,
    "pid": 7794,
    "index": 56
  },
  {
    "name": "Require(48) node_modules/egg-security/app.js",
    "start": 1577438350254,
    "end": 1577438350255,
    "duration": 1,
    "pid": 7794,
    "index": 57
  },
  {
    "name": "Require(49) node_modules/egg-onerror/app.js",
    "start": 1577438350256,
    "end": 1577438350261,
    "duration": 5,
    "pid": 7794,
    "index": 58
  },
  {
    "name": "Require(50) node_modules/egg-i18n/app.js",
    "start": 1577438350261,
    "end": 1577438350271,
    "duration": 10,
    "pid": 7794,
    "index": 59
  },
  {
    "name": "Require(51) node_modules/egg-watcher/app.js",
    "start": 1577438350271,
    "end": 1577438350273,
    "duration": 2,
    "pid": 7794,
    "index": 60
  },
  {
    "name": "Require(52) node_modules/egg-schedule/app.js",
    "start": 1577438350273,
    "end": 1577438350274,
    "duration": 1,
    "pid": 7794,
    "index": 61
  },
  {
    "name": "Require(53) node_modules/egg-multipart/app.js",
    "start": 1577438350274,
    "end": 1577438350275,
    "duration": 1,
    "pid": 7794,
    "index": 62
  },
  {
    "name": "Require(54) node_modules/egg-development/app.js",
    "start": 1577438350275,
    "end": 1577438350276,
    "duration": 1,
    "pid": 7794,
    "index": 63
  },
  {
    "name": "Require(55) node_modules/egg-logrotator/app.js",
    "start": 1577438350276,
    "end": 1577438350276,
    "duration": 0,
    "pid": 7794,
    "index": 64
  },
  {
    "name": "Require(56) node_modules/egg-static/app.js",
    "start": 1577438350276,
    "end": 1577438350276,
    "duration": 0,
    "pid": 7794,
    "index": 65
  },
  {
    "name": "Require(57) node_modules/@switchdog/egg-graphql/app.js",
    "start": 1577438350276,
    "end": 1577438350277,
    "duration": 1,
    "pid": 7794,
    "index": 66
  },
  {
    "name": "Require(58) node_modules/egg-sequelize/app.js",
    "start": 1577438350277,
    "end": 1577438350277,
    "duration": 0,
    "pid": 7794,
    "index": 67
  },
  {
    "name": "Require(59) node_modules/egg-cors/app.js",
    "start": 1577438350277,
    "end": 1577438350277,
    "duration": 0,
    "pid": 7794,
    "index": 68
  },
  {
    "name": "Require(60) node_modules/egg-redis/app.js",
    "start": 1577438350277,
    "end": 1577438350278,
    "duration": 1,
    "pid": 7794,
    "index": 69
  },
  {
    "name": "Require(61) node_modules/egg-view-ejs/app.js",
    "start": 1577438350278,
    "end": 1577438350278,
    "duration": 0,
    "pid": 7794,
    "index": 70
  },
  {
    "name": "Require(62) node_modules/egg-socket.io/app.js",
    "start": 1577438350278,
    "end": 1577438350325,
    "duration": 47,
    "pid": 7794,
    "index": 71
  },
  {
    "name": "Require(63) app.ts",
    "start": 1577438350325,
    "end": 1577438350326,
    "duration": 1,
    "pid": 7794,
    "index": 72
  },
  {
    "name": "Before Start in node_modules/egg-watcher/lib/init.js:15:14",
    "start": 1577438350342,
    "end": 1577438355353,
    "duration": 5011,
    "pid": 7794,
    "index": 73
  },
  {
    "name": "Loader Graphql",
    "start": 1577438350503,
    "end": 1577438350578,
    "duration": 75,
    "pid": 7794,
    "index": 74
  },
  {
    "name": "Load \"Symbol(model)\" to Application",
    "start": 1577438350898,
    "end": 1577438350931,
    "duration": 33,
    "pid": 7794,
    "index": 75
  },
  {
    "name": "Before Start in node_modules/egg-sequelize/lib/loader.js:39:7",
    "start": 1577438350933,
    "end": 1577438355378,
    "duration": 4445,
    "pid": 7794,
    "index": 76
  },
  {
    "name": "Before Start in node_modules/egg-redis/lib/redis.js:53:7",
    "start": 1577438350997,
    "end": 1577438355335,
    "duration": 4338,
    "pid": 7794,
    "index": 77
  },
  {
    "name": "Load Controller",
    "start": 1577438351025,
    "end": 1577438351936,
    "duration": 911,
    "pid": 7794,
    "index": 78
  },
  {
    "name": "Load \"controller\" to Application",
    "start": 1577438351025,
    "end": 1577438351936,
    "duration": 911,
    "pid": 7794,
    "index": 79
  },
  {
    "name": "Before Start in node_modules/egg-socket.io/lib/io.js:26:7",
    "start": 1577438351045,
    "end": 1577438355316,
    "duration": 4271,
    "pid": 7794,
    "index": 80
  },
  {
    "name": "Load Service",
    "start": 1577438351051,
    "end": 1577438351619,
    "duration": 568,
    "pid": 7794,
    "index": 81
  },
  {
    "name": "Load \"service\" to Context",
    "start": 1577438351051,
    "end": 1577438351619,
    "duration": 568,
    "pid": 7794,
    "index": 82
  },
  {
    "name": "Load Middleware",
    "start": 1577438351619,
    "end": 1577438351936,
    "duration": 317,
    "pid": 7794,
    "index": 83
  },
  {
    "name": "Load \"middlewares\" to Application",
    "start": 1577438351619,
    "end": 1577438351873,
    "duration": 254,
    "pid": 7794,
    "index": 84
  },
  {
    "name": "Load Controller",
    "start": 1577438351936,
    "end": 1577438355286,
    "duration": 3350,
    "pid": 7794,
    "index": 85
  },
  {
    "name": "Load \"controller\" to Application",
    "start": 1577438351936,
    "end": 1577438355286,
    "duration": 3350,
    "pid": 7794,
    "index": 86
  },
  {
    "name": "Load Router",
    "start": 1577438355286,
    "end": 1577438355288,
    "duration": 2,
    "pid": 7794,
    "index": 87
  },
  {
    "name": "Require(64) app/router.ts",
    "start": 1577438355286,
    "end": 1577438355287,
    "duration": 1,
    "pid": 7794,
    "index": 88
  },
  {
    "name": "Before Start in node_modules/egg-core/lib/egg.js:303:10",
    "start": 1577438355287,
    "end": 1577438355316,
    "duration": 29,
    "pid": 7794,
    "index": 89
  }
]